Characteristic,Year,Jan,Feb,Mar,Apr,May,Jun,Jul,Aug,Sep,Oct,Nov,Dec
Rainfall,1901,57.576,16.874,7.15,0.556,5.892,11.982,195.336,365.493,204.997,2.305,0.157,3.018
Rainfall,1902,8.015,1.963,0.586,3.173,9.835,36.762,412.4,246.263,188.049,10.315,0.439,0
Rainfall,1903,5.678,1.51,2.128,1.538,3.138,31.726,118.131,412.184,119.947,89.886,0,0.376
Rainfall,1904,6.91,0.253,8.706,0.625,8.716,47.565,277.659,457.622,107.318,108.729,7.892,29.603
Rainfall,1905,28.313,10.372,11.832,3.732,2.849,17.795,258.515,249.98,120.836,0.465,0,2.424
Rainfall,1906,7.676,17.469,3.423,0.558,6.974,79.487,225.604,273.863,152.411,6.89,0,0.669
Rainfall,1907,2.988,47.864,9.437,14.248,3.766,29.915,220.572,319.842,11.633,1.041,0,0
Rainfall,1908,15.032,10.134,0.339,0.446,2.545,19.425,286.278,385.945,58.533,8.901,0.231,1.485
Rainfall,1909,10.667,4.932,0,21.854,2.171,251.751,485.713,182.148,128.532,2.785,0,33.93
Rainfall,1910,9.168,2.952,1.003,0.691,12.594,105.353,217.704,249.369,207.915,49.998,27.158,0.633
Rainfall,1911,25.983,0.025,32.113,4.605,0.336,69.311,73.799,262.636,287.628,108.837,23.67,0.366
Rainfall,1912,6.858,2.521,4.854,2.781,5.795,50.26,249.61,261.129,158.375,1.279,19.758,2.249
Rainfall,1913,0.734,30.394,17.542,0.923,19.062,142.292,164.661,205.975,54.979,5.33,2.423,24.552
Rainfall,1914,4.402,9.241,12.301,7.745,29.195,61.309,474.172,238.153,218.011,7.887,0,0
Rainfall,1915,13.759,35.605,34.145,7.08,2.419,70.952,292.047,379.901,205.84,88.044,0.197,5.222
Rainfall,1916,0.12,12.661,0,1.191,5.561,141.344,326.576,408.858,184.221,70.673,3.796,0
Rainfall,1917,5.255,32.279,16.486,3.871,37.924,175.993,266.351,252.167,257.996,62.809,0,12.966
Rainfall,1918,1.656,0,1.628,4.089,2.205,183.158,51.485,295.818,52.625,2.106,7.153,0.71
Rainfall,1919,37.921,9.812,2.083,5.992,4.439,49.932,267.03,326.656,147.151,42.985,0.805,2.256
Rainfall,1920,0.977,8.517,12.855,0.269,9.261,84.065,493.783,137.144,50.82,4.149,0,0.282
Rainfall,1921,40.927,0.917,0.266,0.291,0.228,76.922,183.91,320.062,160.727,29.184,0,0
Rainfall,1922,26.117,5.268,0,3.249,0.465,32.197,383.724,428.774,245.932,10.62,1.443,27.305
Rainfall,1923,2.702,16.459,0,0,2.502,17.51,225.4,363.693,183.493,68.326,5.961,9.598
Rainfall,1924,13.575,4.016,0.748,1.346,3.16,23.709,317.613,347.358,263.471,62.9,4.35,9.968
Rainfall,1925,4.766,0.091,0.685,1.381,25.027,125.548,619.076,261.523,308.569,3.352,15.44,0
Rainfall,1926,4.492,1.606,37.544,9.648,8.935,10.945,244.273,251.181,206.445,26.154,3.354,2.001
Rainfall,1927,8.359,18.707,15.209,1.351,8.232,39.795,372.906,284.69,143.602,95.493,23.421,1.954
Rainfall,1928,21.658,21.643,1.008,13.086,1.281,33.193,258.147,87.881,36.222,67.188,3.787,28.931
Rainfall,1929,60.295,1.51,0.998,2.727,1.567,67.362,432.145,358.488,66.628,63.796,0,40.641
Rainfall,1930,7.876,14.351,2.728,2.274,3.377,66.479,410.492,235.973,108.036,31.467,9.202,22.637
Rainfall,1931,0.541,17.227,2.201,0.171,3.352,56.095,218.961,209.93,313.007,137.697,0.577,0.064
Rainfall,1932,0.12,3.89,1.929,0.492,4.697,38.268,132.752,354.053,160.706,26.49,3.279,3.951
Rainfall,1933,5.223,17.073,5.278,24.144,28.917,117.417,212.927,269.864,121.791,91.151,0.04,0.395
Rainfall,1934,19.17,1.033,14.769,0.295,1.754,83.711,191.491,297.138,149.738,3.502,1.499,9.106
Rainfall,1935,16.844,13.523,0.792,4.68,0.699,90.388,296.398,316.212,170.188,1.116,3.354,15.237
Rainfall,1936,3.175,33.687,5.22,2.574,3.982,248.65,481.463,336.245,248.345,5.98,2.198,35.25
Rainfall,1937,0.497,32.376,4.495,4.436,5.793,74.208,304.453,258.488,173.987,55.439,0.341,5.03
Rainfall,1938,43.223,8.527,0.215,4.446,2.227,200.625,322.942,300.313,237.59,39.031,0.497,0
Rainfall,1939,14.964,10.389,2.071,6.967,1.159,131.777,262.127,309.174,219.979,25.077,0,0
Rainfall,1940,6.221,15.84,25.627,5.664,7.987,60.623,169.581,326.111,125.05,5.587,0.074,6.907
Rainfall,1941,22.734,3.404,0.943,0.106,8.928,61.707,140.546,192.694,132.268,6.758,0.497,3.248
Rainfall,1942,53.543,21.765,0.547,6.271,2.403,76.02,296.534,272.513,171.527,0.428,0,20.628
Rainfall,1943,12.728,2.273,1.082,14.585,1.991,39.919,189.309,528.96,184.41,5.44,0,0
Rainfall,1944,16.123,22.185,30.503,6.035,0.413,48.515,293.336,410.046,46.397,14.267,0.231,3.326
Rainfall,1945,26.633,1.105,0.899,10.564,1.597,31.349,224.385,287.732,189.389,58.53,0,27.805
Rainfall,1946,0.211,21.782,1.194,4.996,6.086,107.849,325.25,325.847,38.849,38.12,12.631,10.229
Rainfall,1947,8.183,9.53,8.137,2.284,1.711,40.278,348.119,298.644,147.655,11.84,2.786,1.103
Rainfall,1948,10.38,10.194,3.655,0.394,2.454,167.838,343.769,505.562,155.979,34.425,13.989,0.633
Rainfall,1949,0.436,23.986,1.337,2.911,4.678,26.706,347.945,395.046,131.003,86.806,0.344,0.473
Rainfall,1950,19.79,6.081,29.042,0.368,3.039,101.855,297.795,384.752,86.393,1.102,0.231,20.134
Rainfall,1951,14.19,12.185,20.663,6.62,2.888,135.49,174.521,393.508,159.029,12.371,8.754,0
Rainfall,1952,3.336,13.151,22.37,1.532,8.195,141.352,194.145,347.076,85.429,0.913,3.566,1.353
Rainfall,1953,22.759,17.545,0.307,3.452,0.781,129.653,363.012,296.435,131.083,0.844,0,7.789
Rainfall,1954,18.962,17.344,3.931,0.187,0.5,63.042,275.13,288.848,181.389,41.407,0,0.376
Rainfall,1955,36.862,16.207,2.678,2.628,2.653,89.105,416.053,269.387,126.713,131.592,0,1.466
Rainfall,1956,25.628,14.155,9.087,0.423,7.218,163.416,245.783,290.885,234.798,145.548,27.911,9.681
Rainfall,1957,19.201,0.656,25.839,3.062,2.49,74.3,247.958,310.513,163.63,7.351,1.516,10.352
Rainfall,1958,18.51,4.397,26.041,2.044,0.437,48.558,215.167,319.726,128.897,70.275,0.934,8.568
Rainfall,1959,38.367,5.528,1.254,1.351,29.974,14.745,227.953,324.995,69.642,152.095,5.171,0
Rainfall,1960,14.146,0,8.288,2.226,1.634,47.736,380.076,444.092,98.053,81.848,0,0.915
Rainfall,1961,29.524,12.353,0,1.312,4.301,66.331,269.446,428.131,164.636,86.781,1.49,9.095
Rainfall,1962,20.269,9.044,6.675,12.386,4.571,49.667,288.423,309.211,298.841,0.601,2.123,6.923
Rainfall,1963,16.887,7.232,11.367,9.021,14.769,84.986,437.154,360.135,210.301,9.114,6.038,5.785
Rainfall,1964,1.758,4.472,3.512,3.766,9.363,42.887,345.806,230.46,212.904,10.649,0,3.273
Rainfall,1965,3.742,5.249,16.456,17.754,3.113,13.014,188.748,181.78,104.728,33.831,0.373,4.274
Rainfall,1966,3.069,8.55,0.294,0,3.767,229.445,166.274,219.672,49.472,10.582,26.672,13.218
Rainfall,1967,1.463,0.751,23.883,4.275,0.598,45.072,259.163,540.139,178.484,2.777,1.039,43.367
Rainfall,1968,27.535,7.35,3.973,1.337,0.46,76.944,178.869,116.348,59.851,21.845,0,7.485
Rainfall,1969,7.213,3.896,1.287,2.631,23.928,27.258,440.376,226.862,209.128,1.665,5.835,0
Rainfall,1970,30.749,35.459,0.708,0.094,34.893,95.223,259.422,241.373,468.615,51.641,0.007,0
Rainfall,1971,12.988,9.733,3.604,20.765,38.643,195.046,226.083,417.121,217.935,128.357,4.15,0
Rainfall,1972,18.756,24.305,0.918,2.84,0.567,17.319,164.585,268.052,192.764,100.66,10.369,0.586
Rainfall,1973,9.753,3.1,2.005,0.078,2.996,60.687,342.289,446.425,131.322,105.585,0.081,0
Rainfall,1974,3,1.531,0.558,0.364,4.194,47.998,318.051,199.558,50.042,11.556,0.329,5.105
Rainfall,1975,14.089,6.661,13.072,4.32,1.051,150.728,277.674,229.122,159.798,39.196,0,0
Rainfall,1976,21.903,6.081,0.932,5.212,5.585,32.304,190.502,229.249,238.277,2.496,1.253,0.163
Rainfall,1977,20.673,11.55,0.206,7.2,7.983,94.737,348.295,193.781,114.622,73.149,0.673,11.552
Rainfall,1978,20.234,34.18,21.869,2.104,0.673,139.844,130.344,259.767,249.045,16.875,1.459,6.636
Rainfall,1979,21.738,9.137,2.237,4.009,5.208,109.432,197.563,148.078,44.941,0.639,32.205,3.26
Rainfall,1980,1.268,3.906,4.494,0.662,0.839,164.16,498.978,556.949,227.802,22.095,0.503,22.585
Rainfall,1981,16.928,2.156,7.651,0.4,8.927,124.747,417.27,359.588,118.777,0.385,10.959,3.496
Rainfall,1982,49.774,7.639,24.856,4.863,25.77,66.787,189.098,394.073,306.854,8.291,17.927,10
Rainfall,1983,15.014,1.513,1.88,17.39,28.252,90.85,227.405,163.641,205.37,55.422,0,4.62
Rainfall,1984,25.146,27.633,0.553,10.629,0.794,123.435,163.771,192.411,137.165,24.354,0,1.791
Rainfall,1985,13.288,0.297,0.234,10.941,4.033,60.622,238.389,264.952,203.392,108.856,0,10.864
Rainfall,1986,13.218,22.481,1.377,2.84,45.242,44.008,243.644,316.102,172.08,18.182,2.733,35.292
Rainfall,1987,16.318,10.25,8.289,0.805,11.345,2.135,77.723,173.997,27.425,78.699,0,6.869
Rainfall,1988,8.967,4.916,11.47,2.886,8.407,121.403,283.539,304.195,87.165,12.143,0.401,27.189
Rainfall,1989,10.526,1.86,5.426,0.799,3.322,91.411,300.547,147.799,149.36,23.216,7.154,22.378
Rainfall,1990,0.12,16.827,3.919,8.882,16.945,124.131,333.94,289.777,192.165,8.422,3.389,12.3
Rainfall,1991,8.256,9.229,5.404,8.827,16.834,31.955,52.446,64.993,100.273,0.38,1.212,34.022
Rainfall,1992,25.852,7.339,1.417,2.345,11.908,32.14,111.094,183.942,147.21,64.49,15.507,0
Rainfall,1993,10.565,0.027,9.542,2.561,17.407,62.664,198.424,169.726,285.114,24.852,0,0
Rainfall,1994,42.278,12.91,18.956,6.76,3.631,121.582,300.379,292.075,136.983,4.963,0.02,0.154
Rainfall,1995,26.24,16.827,8.463,8.215,1.277,27.237,210.136,288.307,174.01,0.385,16.148,24.212
Rainfall,1996,35.424,15.251,1.084,1.785,3.45,163.68,208.502,295.354,134.453,82.317,0,0
Rainfall,1997,11.467,0.818,3.074,7.038,12.521,108.381,42.586,206.499,179.606,29.714,13.746,23.906
Rainfall,1998,1.916,3.232,13.929,8.757,24.342,69.53,297.845,394.716,137.006,16.1,1.604,0
Rainfall,1999,30.927,24.552,0,0,14.633,32.111,311.821,163.565,202.347,43.433,0,3.207
Rainfall,2000,12.427,9.249,0.936,1.058,11.208,64.157,198.457,185.266,223.8,0.38,0,0
Rainfall,2001,3.987,2.66,5.215,7.774,11.248,97.278,186.197,168.035,86.39,60.728,3.184,0.631
Rainfall,2002,20.585,15.14,4.216,1.642,0.787,27.354,98.29,227.646,197.192,72.494,4.789,4.738
Min temp,1901,6.571,9.344,15.251,21.498,26.226,31.018,28.646,26.356,24.758,20.381,13.025,8.203
Min temp,1902,9.327,11.199,17.688,22.188,26.568,29.261,26.738,26.503,24.775,18.776,11.915,7.576
Min temp,1903,8.231,9.241,14.795,21.301,26.669,29.745,28.602,26.474,25.371,18.906,11.962,7.757
Min temp,1904,8.499,10.693,15.744,22.557,25.532,28.313,25.901,25.558,24.641,19.204,11.541,8.271
Min temp,1905,6.449,6.126,12.972,18.736,25.737,30.371,27.038,25.999,25.135,19.252,12.971,7.912
Min temp,1906,7.437,8.8,14.463,22.013,27.656,28.498,26.904,25.891,24.923,19.592,13.42,8.949
Min temp,1907,9.864,8.851,13.085,19.644,25.03,29.042,29.368,26.069,26.06,20.766,13.007,7.365
Min temp,1908,7.458,10.709,15.814,23.91,27.201,30.087,26.817,25.957,25.482,19.5,12.184,7.635
Min temp,1909,9.798,8.944,16.985,20.032,26.439,25.72,26.039,26.116,25.032,19.715,12.84,8.425
Min temp,1910,7.905,10.209,16.111,21.809,26.157,27.436,26.884,25.957,25.157,18.665,11.466,7.353
Min temp,1911,9.763,10.198,13.776,21.347,27.565,27.688,28.313,26.524,24.343,19.441,11.302,7.228
Min temp,1912,8.2,11.424,15.184,21.185,26.221,29.391,26.93,25.916,24.48,19.209,11.457,7.348
Min temp,1913,8.119,10.043,13.581,22.456,24.577,25.701,27.093,26.728,25.556,20.275,11.743,7.618
Min temp,1914,9.778,10.774,14.892,21.049,25.573,28.593,26.407,26.001,25.05,18.458,12.957,8.056
Min temp,1915,8.779,9.269,14.808,21.378,27.879,28.585,27.394,26.104,24.77,20.541,13.139,8.203
Min temp,1916,8.095,10.021,17.942,22.846,26.86,25.795,26.481,25.781,24.702,19.684,11.757,6.733
Min temp,1917,7.837,10.021,14.582,18.805,22.329,26.711,26.445,26.218,24.289,19.203,11.197,7.748
Min temp,1918,7.019,10.906,16.134,20.453,26.956,26.046,29.09,26.497,25.554,19.722,12.351,7.058
Min temp,1919,7.949,8.715,15.839,20.485,25.591,28.748,25.97,26.124,24.814,19.032,12.31,7.552
Min temp,1920,8.465,9.624,15.242,21.628,23.941,28.458,26.122,26.256,25.661,20.394,13.245,8.626
Min temp,1921,8.661,10.836,18.335,23.664,28.962,28.225,27.882,25.348,24.321,18.63,11.634,9.138
Min temp,1922,7.719,11.522,17.008,21.949,27.742,27.666,25.975,25.306,24.308,18.51,12.203,7.217
Min temp,1923,8.178,9.575,16.11,22.792,26.731,30.736,26.441,25.9,25.037,18.512,12.436,8.359
Min temp,1924,7.55,10.422,17.69,22.897,25.046,30.963,26.03,25.779,24.453,19.71,12.244,8.078
Min temp,1925,6.59,9.258,15.68,22.372,25.345,26.662,25.403,26.415,24.603,19.653,11.43,7.353
Min temp,1926,7.712,11.364,14.348,18.448,24.551,30.492,27.815,26.263,24.414,18.866,10.596,7.692
Min temp,1927,6.887,9.248,14.513,21.351,25.449,28.998,26.813,25.866,25.409,19.51,11.578,8.967
Min temp,1928,7.766,10.623,16.133,20.976,27.273,27.785,26.437,27.469,26.303,20.435,13.106,8.387
Min temp,1929,7.796,9.275,16.896,22.344,27.73,28.299,26.672,25.199,25.816,18.763,12.314,7.608
Min temp,1930,7.15,9.898,16.816,21.446,26.331,28.306,26.193,25.855,25.105,19.725,11.917,7.837
Min temp,1931,9.511,9.531,15.573,23.214,26.823,30.078,27.16,26.756,24.81,19.23,12.09,8.692
Min temp,1932,9.883,9.266,16.367,21.555,26.146,29.791,27.716,25.96,25.123,19.654,12.563,7.997
Min temp,1933,6.552,11.035,16.47,19.155,23.168,27.081,26.445,26.275,24.889,19.481,12.274,8.287
Min temp,1934,7.69,11.195,15.132,22.026,26.594,27.744,26.481,25.858,25.14,18.907,12.417,8.122
Min temp,1935,6.499,10.514,15.927,18.966,27.352,29.72,26.394,25.42,24.44,18.727,12.364,7.426
Min temp,1936,6.989,9.68,15.962,20.776,26.49,25.792,25.686,25.468,24.321,18.844,12.434,8.528
Min temp,1937,6.8,10.001,14.468,19.855,25.586,28.11,26.969,25.036,24.721,18.069,12.571,7.099
Min temp,1938,8.014,8.206,17.114,22.454,26.267,25.847,26.095,25.815,25.04,19.97,11.344,7.994
Min temp,1939,8.883,10.237,14.223,20.674,27.552,27.181,26.358,25.587,24.538,19.652,12.293,8.058
Min temp,1940,7.789,9.478,13.728,20.47,26.466,28.939,27.108,26.139,24.628,19.557,13.172,7.446
Min temp,1941,7.659,10.765,18.028,24.117,26.742,27.268,27.881,26.548,25.313,20.657,12.521,9.03
Min temp,1942,7.331,11.157,17.008,22.107,27.528,29.588,26.445,25.967,24.458,19.722,13.645,8.025
Min temp,1943,9.595,10.718,17.137,20.039,27.431,28.922,27.087,25.255,25.306,19.604,13.496,9.024
Min temp,1944,7.81,9.59,14.593,19.934,28.032,28.097,26.568,26.162,25.198,19.053,13.275,9.867
Min temp,1945,6.252,9.716,16.428,19.938,26.321,29.32,27.379,26.986,24.944,18.488,12.341,6.977
Min temp,1946,9.453,12.498,15.869,21.543,25.234,27.359,26.265,26.568,25.562,19.612,12.84,9.428
Min temp,1947,7.477,11.145,17.044,23.23,27.026,29.843,26.481,26.356,25.157,19.184,13.399,8.761
Min temp,1948,8.858,10.165,15.334,23.302,27.698,29.749,26.371,25.752,24.622,19.453,12.156,7.956
Min temp,1949,9.821,10.757,16.572,22.738,26.101,29.399,26.913,25.835,25.142,20.292,11.374,6.943
Min temp,1950,8.888,9.578,14.717,20.934,26.444,27.917,26.365,25.815,25.001,19.204,12.242,8.179
Min temp,1951,6.598,10.428,15.861,20.28,26.063,28.589,27.479,26.23,24.933,21.545,13.732,8.444
Min temp,1952,9.951,12.795,15.385,22.661,26.674,27.438,26.359,25.538,25.302,19.928,12.305,8.868
Min temp,1953,7.867,12.66,19.47,22.486,27.098,28.822,25.77,25.324,24.835,18.871,12.279,10.015
Min temp,1954,6.882,11.657,16.599,23.113,28.158,28.589,27.309,26.401,25.127,17.947,11.96,8.081
Min temp,1955,7.968,10.6,17.948,20.445,26.362,28.281,26.067,25.759,24.653,18.782,12.467,8.543
Min temp,1956,8.683,10.764,16.814,23.094,27.339,26.414,25.871,25.755,24.517,19.441,11.915,8.554
Min temp,1957,8.548,10.037,14.883,21.446,26.357,28.527,27.067,26.8,24.441,19.443,13.105,9.299
Min temp,1958,10.407,11.362,17.136,23.495,27.503,30.169,26.71,26.13,25.178,19.536,13.323,9.372
Min temp,1959,9.27,9.789,16.874,22.621,26.767,28.746,26.893,26.24,25.096,20.087,12.848,8.942
Min temp,1960,7.806,13.076,15.677,21.57,26.48,29.435,26.504,26.268,25.375,19.322,11.855,9.571
Min temp,1961,8.838,9.077,17.721,22.364,27.214,27.948,27.238,26.154,25.415,19.569,11.981,5.792
Min temp,1962,7.072,11.01,16.291,22.065,26.782,31.089,28.181,25.835,24.418,18.703,13.298,9.265
Min temp,1963,6.66,11.654,16.081,21.9,25.408,27.433,26.873,26.463,24.739,20.359,15.055,8.029
Min temp,1964,7.6,10.965,17.899,23.165,25.197,28.689,26.291,26.505,24.769,19.78,12.381,9.436
Min temp,1965,9.059,10.794,15.325,20.486,26.682,30.398,27.39,26.267,24.27,19.969,13.866,7.441
Min temp,1966,8.399,12.684,17.072,23.249,26.83,28.311,27.936,26.257,25.443,20.003,13.324,7.924
Min temp,1967,7.222,11.793,14.763,20.949,26.042,29.191,26.27,25.412,24.301,18.981,12.174,8.877
Min temp,1968,7.33,9.064,15.159,20.995,26.117,27.639,26.397,26.151,25.48,19.533,12.632,8.658
Min temp,1969,8.13,11.914,17.821,22.711,24.935,29.422,26.062,25.48,24.515,20.27,13.927,7.97
Min temp,1970,8.597,9.873,15.518,22.46,26.187,26.611,26.476,26.166,24.346,19.617,12.56,8.372
Min temp,1971,7.727,10.09,15.043,20.252,23.851,25.801,25.639,24.216,24.212,19.103,12.574,8.124
Min temp,1972,8.236,8.867,15.75,20.772,26.565,28.053,26.771,25.287,24.079,18.895,13.5,9.247
Min temp,1973,9.264,11.635,15.412,21.839,26.995,27.148,26.367,25.62,24.408,19.339,12.11,7.546
Min temp,1974,7.551,9.908,17.128,23.075,25.288,28.465,26.12,24.582,23.806,20.76,12.52,7.691
Min temp,1975,7.836,10.716,16.059,23.108,27.223,27.443,25.424,25.213,24.761,20.668,12.201,7.95
Min temp,1976,8.629,11.091,16.177,20.191,24.481,27.688,26.554,24.584,24.337,19.914,13.974,8.506
Min temp,1977,8.409,10.447,16.798,21.365,24.346,28.778,25.924,26.027,24.339,20.057,14.443,9.586
Min temp,1978,7.917,9.925,13.76,20.306,27.451,27.498,26.222,25.776,24.432,20.263,15.034,8.41
Min temp,1979,9.475,10.181,15.171,21.44,24.681,27.488,26.184,26.178,25.596,21.12,16.314,10.088
Min temp,1980,8.801,11.264,16.196,22.503,26.162,26.165,24.411,24.66,24.703,20.376,12.997,9.144
Min temp,1981,9.115,11.272,15.453,21.022,25.649,27.583,25.41,25.609,23.99,18.703,12.199,7.862
Min temp,1982,9.658,9.998,13.872,20.7,25.272,26.876,27.924,25.795,23.979,20.02,13.73,9.542
Min temp,1983,7.41,9.807,15.559,19.947,25.209,28.539,26.433,25.941,25.321,19.398,11.785,8.663
Min temp,1984,8.582,8.644,16.428,22.58,27.4,27.237,26.318,25.645,24.145,19.171,12.234,9.839
Min temp,1985,9.184,10.102,18.164,22.625,26.986,29.185,25.888,26.193,24.825,18.69,13.415,10.375
Min temp,1986,8.855,10.604,16.464,21.705,24.811,28.682,25.793,26.119,24.865,19.099,13.282,8.396
Min temp,1987,7.478,12.03,16.408,22.138,25.207,30.616,28.009,27.517,25.401,20.595,12.953,8.824
Min temp,1988,9.527,11.501,15.973,22.914,27.467,27.782,26.45,26.005,26.554,19.332,13.202,9.655
Min temp,1989,7.46,10.649,15.862,21.453,26.843,27,26.198,24.2,25.006,19.778,12.912,8.26
Min temp,1990,9.946,11.001,14.811,21.908,26.119,28.839,25.818,26.375,25.427,19.541,13.355,9.212
Min temp,1991,8.032,12.071,16.12,21.461,27.486,28.296,28.433,25.343,24.959,19.068,12.264,8.92
Min temp,1992,9.005,9.273,16.509,22.358,25.18,28.558,26.727,26.015,24.748,19.303,13.509,8.319
Min temp,1993,8.748,11.735,14.019,20.846,25.804,27.532,27.388,26.561,23.751,19.849,13.77,9.227
Min temp,1994,9.571,10.409,17.329,20.981,27.343,28.473,26.298,25.711,24.911,19.151,13.132,9.223
Min temp,1995,7.505,11.041,15.508,22.439,28.588,29.662,27.042,25.627,25.079,20.508,13.798,9.846
Min temp,1996,9.112,10.83,17.486,21.979,27.53,28.139,26.894,25.547,25.438,19.143,12.899,8.268
Min temp,1997,8.466,9.906,16.073,20.81,24.946,28.18,29.073,25.979,24.377,18.258,12.877,8.794
Min temp,1998,5.822,11.748,14.623,22.094,27.161,29.141,26.486,26.29,25.541,20.833,15.602,10.247
Min temp,1999,8.08,12.805,17.37,24.312,26.342,27.493,26.837,26.22,24.61,20.511,15.555,10.472
Min temp,2000,8.958,11.032,15.684,23.388,25.893,26.439,26.561,26.51,24.283,21.257,15.665,9.358
Min temp,2001,7.861,11.418,16.157,20.805,25.771,26.533,26.288,26.741,26.045,21.08,14.668,9.585
Min temp,2002,9.091,9.634,17.079,22.58,27.804,28.534,29.14,26.297,24.169,20.196,13.729,8.967
Max temp,1901,21.63,24.871,31.969,38.347,41.577,42.447,36.639,33.412,33.562,34.103,29.056,23.871
Max temp,1902,24.382,26.688,34.408,39.066,41.92,40.689,34.73,33.563,33.519,32.498,27.946,23.244
Max temp,1903,23.311,24.744,31.51,38.152,42.021,41.175,36.606,33.534,34.148,32.628,27.994,23.424
Max temp,1904,23.552,26.184,32.46,39.405,40.886,39.743,33.907,32.615,33.381,32.927,27.571,23.938
Max temp,1905,21.502,21.614,29.69,35.584,41.088,41.802,35.03,33.059,33.905,32.976,29.004,23.577
Max temp,1906,22.491,24.289,31.183,38.864,43.007,39.928,34.897,32.95,33.731,33.313,29.451,24.615
Max temp,1907,24.918,24.377,29.838,36.522,40.38,40.474,37.373,33.158,34.864,34.49,29.04,23.031
Max temp,1908,22.51,26.199,32.533,40.758,42.553,41.515,34.81,33.022,34.25,33.223,28.215,23.303
Max temp,1909,24.852,24.433,33.704,36.911,41.79,37.148,34.031,33.201,33.803,33.437,28.871,24.116
Max temp,1910,22.958,25.71,32.866,38.659,41.507,38.864,34.876,33.015,33.964,32.39,27.497,23.018
Max temp,1911,24.816,25.688,30.491,38.198,42.916,39.12,36.307,33.584,33.088,33.166,27.336,22.892
Max temp,1912,23.28,26.915,31.937,38.035,41.574,40.819,34.922,32.973,33.249,32.933,27.486,23.014
Max temp,1913,23.177,25.545,30.334,39.308,39.927,37.135,35.087,33.817,34.359,33.998,27.774,23.283
Max temp,1914,24.832,26.264,31.61,37.9,40.925,40.022,34.399,33.061,33.821,32.18,28.989,23.721
Max temp,1915,23.833,24.759,31.525,38.229,43.23,40.018,35.388,33.19,33.512,34.264,29.169,23.87
Max temp,1916,23.153,25.513,34.66,39.695,42.212,37.225,34.473,32.843,33.483,33.406,27.787,22.399
Max temp,1917,22.918,25.513,31.338,35.655,37.68,38.142,34.437,33.275,33.031,32.926,27.229,23.414
Max temp,1918,22.078,26.408,32.888,37.303,42.306,37.474,37.083,33.553,34.361,33.444,28.382,22.724
Max temp,1919,23.002,24.204,32.556,37.337,40.943,40.18,33.975,33.213,33.593,32.755,28.34,23.219
Max temp,1920,23.519,25.115,31.959,38.503,39.292,39.891,34.114,33.312,34.434,34.116,29.275,24.294
Max temp,1921,23.715,26.338,35.004,40.544,44.315,39.652,35.887,32.408,33.102,32.353,27.665,24.834
Max temp,1922,22.802,27.011,33.726,38.802,43.093,39.094,33.978,32.367,33.089,32.234,28.233,22.884
Max temp,1923,23.259,25.066,32.828,39.641,42.081,42.165,34.433,32.959,33.809,32.234,28.467,24.025
Max temp,1924,22.602,25.912,34.406,39.747,40.416,42.392,34.023,32.838,33.192,33.432,28.275,23.747
Max temp,1925,21.643,24.748,32.398,39.223,40.717,38.096,33.406,33.473,33.343,33.377,27.461,23.019
Max temp,1926,22.793,26.856,31.065,35.3,39.901,41.921,35.807,33.319,33.217,32.59,26.626,23.36
Max temp,1927,21.943,24.738,31.233,38.203,40.8,40.428,34.806,32.925,34.189,33.234,27.609,24.633
Max temp,1928,22.846,26.123,32.889,37.828,42.626,39.215,34.43,34.53,35.042,34.158,29.137,24.056
Max temp,1929,22.881,24.8,33.613,39.193,43.082,39.728,34.665,32.256,34.586,32.487,28.346,23.275
Max temp,1930,22.203,25.285,33.534,38.297,41.68,39.735,34.187,32.914,33.845,33.447,27.948,23.503
Max temp,1931,24.563,24.517,32.185,40.064,41.982,41.507,35.166,33.814,33.55,32.899,28.121,24.357
Max temp,1932,24.936,24.804,33.084,38.43,41.245,41.221,35.722,32.568,33.863,33.377,28.594,23.364
Max temp,1933,21.622,26.527,33.187,36.006,38.519,38.509,34.437,33.331,33.629,33.101,28.305,23.953
Max temp,1934,22.773,26.685,31.997,38.904,41.945,39.172,34.473,32.742,33.91,32.631,28.449,23.789
Max temp,1935,21.543,26.003,32.644,35.817,42.702,41.149,34.387,32.471,33.209,32.453,28.395,23.092
Max temp,1936,22.045,25.17,32.68,37.538,41.842,37.224,33.678,32.531,33.097,32.513,28.465,24.225
Max temp,1937,21.879,25.504,31.32,36.705,40.938,39.41,34.962,32.094,33.309,31.791,28.603,22.766
Max temp,1938,23.068,23.709,33.868,39.448,41.619,37.278,33.963,32.874,33.796,33.692,27.375,23.661
Max temp,1939,23.936,25.727,31.037,37.524,42.904,38.611,34.351,32.644,33.124,33.376,28.272,23.723
Max temp,1940,22.869,24.968,30.446,37.321,41.819,40.367,35.001,33.023,33.406,33.28,29.205,23.112
Max temp,1941,22.742,26.292,34.745,40.998,42.094,38.701,35.851,33.607,34.095,34.38,28.552,24.564
Max temp,1942,22.388,26.66,33.717,38.957,42.88,41.018,34.437,33.025,33.224,33.444,29.676,23.692
Max temp,1943,24.65,26.209,33.639,36.864,42.781,40.35,35.081,32.315,34.087,33.325,29.526,24.717
Max temp,1944,22.546,25.08,31.346,36.782,43.383,39.524,34.561,33.25,33.974,32.774,29.306,25.533
Max temp,1945,21.336,25.205,33.144,36.788,41.672,40.645,35.373,34.043,33.685,32.21,28.375,22.643
Max temp,1946,24.629,27.988,32.587,38.395,40.585,38.791,34.103,33.374,34.33,33.335,28.869,25.093
Max temp,1947,22.531,26.648,33.762,40.079,42.378,41.276,34.473,33.413,33.964,32.908,29.431,24.426
Max temp,1948,23.912,25.654,32.099,40.202,43.049,41.218,34.363,32.862,33.398,33.308,28.186,23.531
Max temp,1949,24.875,26.293,33.197,38.972,41.231,40.82,35.122,32.894,33.918,34.014,27.417,22.608
Max temp,1950,23.999,25.073,31.705,37.784,42.185,39.396,34.358,32.874,33.45,32.927,28.27,23.84
Max temp,1951,22.829,25.955,32.186,37.133,41.412,40.017,35.647,33.29,33.412,35.273,29.761,24.109
Max temp,1952,24.592,28.039,32.103,39.539,42.905,38.865,34.352,32.594,33.978,33.776,29,24.593
Max temp,1953,22.515,28.349,36.106,39.337,42.491,40.041,33.613,32.219,33.488,33.022,28.515,25.684
Max temp,1954,22.44,27.123,33.354,40.074,43.147,39.726,35.125,32.484,33.475,32.126,28.752,23.736
Max temp,1955,23.473,27.106,34.759,37.591,41.801,39.563,33.682,32.818,33.457,32.444,28.498,24.258
Max temp,1956,23.447,26.521,33.247,39.787,42.995,37.498,34.618,32.991,32.776,32.465,27.894,24.246
Max temp,1957,23.218,25.232,31.705,37.982,42.038,40.114,34.719,33.373,33.625,33.436,30.057,24.995
Max temp,1958,24.454,26.627,33.896,40.576,42.884,41.698,35.065,32.902,33.819,33.314,29.738,25.004
Max temp,1959,23.456,25.72,34.188,39.296,42.07,40.936,34.885,33.099,34.219,33.054,29.256,25.271
Max temp,1960,23.411,29.262,32.59,38.295,42.534,41.262,34.391,33.126,33.827,32.992,28.236,25.345
Max temp,1961,23.615,24.266,33.432,39.081,41.721,39.779,34.721,32.739,33.366,31.997,27.047,21.32
Max temp,1962,22.377,26.17,32.65,38.872,41.629,42.107,35.981,32.68,32.492,32.149,28.396,24.01
Max temp,1963,23.556,28.077,32.407,37.662,40.154,38.759,34.768,32.922,32.997,33.45,29.719,24.926
Max temp,1964,22.828,26.099,34.89,39.262,40.125,40.425,33.606,32.947,32.679,34.439,28.413,24.243
Max temp,1965,25.254,26.248,31.902,36.715,40.782,42.294,35.182,33.667,33.762,33.404,29.712,24.881
Max temp,1966,24.704,29.285,33.736,39.729,43.073,39.925,36.585,33.081,34.198,34.463,30.248,23.849
Max temp,1967,23.374,28.584,31.513,37.8,41.708,41.144,34.674,31.622,33.576,33.148,28.618,24.547
Max temp,1968,22.126,24.804,32.828,38.064,41.683,38.33,34.473,33.236,35.765,32.717,29.319,24.325
Max temp,1969,23.495,27.658,36.872,39.249,40.474,41.278,34.289,32.487,32.753,34.047,30.746,25.203
Max temp,1970,23.705,25.539,32.044,40.464,41.752,38.324,35.26,33.446,33,33.962,28.567,25.29
Max temp,1971,22.86,25.879,31.931,37.269,38.775,36.314,32.931,31.864,34.243,33.202,28.699,25.461
Max temp,1972,23.339,24.169,34.222,38.393,43.058,41.335,36.719,32.961,32.915,31.885,28.864,24.665
Max temp,1973,23.096,27.144,32.581,41.191,42.598,39.841,35.43,33.701,34.059,33.658,28.444,23.413
Max temp,1974,22.828,25.498,33.836,40.748,43.355,40.458,34.108,33.113,34.887,35.073,29.28,23.304
Max temp,1975,23.284,25.894,31.735,39.903,43.388,39.054,33.639,32.89,32.407,34.607,27.265,23.999
Max temp,1976,23.629,26.238,32.819,37.328,40.388,38.638,34.298,31.239,33.5,34.433,30.922,24.522
Max temp,1977,22.422,26.921,34.933,37.57,39.462,38.904,33.508,32.714,32.929,33.727,31.167,24.01
Max temp,1978,22.715,24.436,30.285,37.805,43.792,38.966,33.516,32.201,31.739,33.265,29.184,23.642
Max temp,1979,24.185,24.591,30.911,37.856,40.727,39.073,33.653,33.918,34.64,34.595,31.232,24.135
Max temp,1980,23.355,26.454,32.254,39.937,40.615,36.778,31.97,31.645,32.782,33.134,29.871,24.98
Max temp,1981,22.913,27.068,31.863,37.893,39.97,39.013,33.072,32.93,32.806,33.834,27.902,23.939
Max temp,1982,24.116,24.755,30.435,37.376,40.039,38.202,36.676,32.743,34.075,33.216,29.543,24.758
Max temp,1983,21.884,25.27,32.043,36.223,39.788,39.942,35.482,33.546,33.51,32.977,28.593,24.729
Max temp,1984,23.638,24.522,33.873,39,43.155,38.126,34.104,32.83,32.978,34.017,28.266,24.548
Max temp,1985,23.156,27.096,34.725,39.364,42.337,40.451,33.278,33.012,32.821,32.664,29.752,25.846
Max temp,1986,23.35,26.2,32.981,38.523,40.063,40.597,34.088,33.207,33.854,32.594,29.622,24.061
Max temp,1987,23.531,27.368,33.148,38.698,40.436,42.292,35.782,34.308,34.587,33.634,29.932,24.226
Max temp,1988,24.683,26.968,32.602,39.763,42.917,39.115,33.64,32.591,34.65,33.441,29.234,25.166
Max temp,1989,22.19,25.147,32.05,38.47,41.998,37.893,34.646,31.046,33.23,33.368,28.893,23.632
Max temp,1990,24.662,25.911,31.154,38.547,40.631,39.829,33.319,33.135,33.049,32.939,29.715,23.805
Max temp,1991,23.088,27.572,32.876,38.311,42.839,39.73,36.426,32.404,33.73,32.79,28.297,24.586
Max temp,1992,24.059,24.798,33.227,39.208,40.55,39.991,34.719,33.076,33.488,33.027,29.54,23.989
Max temp,1993,23.802,27.237,30.737,37.697,41.154,38.961,35.382,33.621,32.559,33.571,29.8,24.905
Max temp,1994,24.625,25.899,34.046,37.832,42.693,39.906,34.291,32.769,33.691,32.875,29.164,24.893
Max temp,1995,22.558,26.531,32.262,39.267,43.938,41.092,35.046,32.714,33.34,34.183,29.418,25.511
Max temp,1996,23.864,26.434,33.434,38.716,42.605,39.567,34.756,32.194,33.891,32.867,29.158,23.936
Max temp,1997,23.164,25.397,32.706,37.637,40.296,39.727,36.679,33.038,33.155,31.815,28.834,24.359
Max temp,1998,20.804,27.233,31.284,38.625,42.465,40.569,34.275,33.094,33.718,34.551,31.373,25.914
Max temp,1999,22.934,28.295,34.089,41.137,41.693,38.921,34.842,33.079,33.349,34.233,31.591,24.865
Max temp,2000,24.01,26.49,32.4,40.235,41.245,37.865,34.55,33.57,32.987,34.781,31.694,25.274
Max temp,2001,23.033,26.756,32.923,37.657,41.099,37.953,34.28,33.801,34.213,34.376,30.952,25.186
Max temp,2002,24.144,25.124,33.834,39.433,43.154,39.962,37.134,33.359,32.978,33.917,29.759,24.632
Cloud Cover,1901,26.787,21.942,29.88,24.712,31.79,54.858,71.433,70.666,51.196,26.925,16.84,21.155
Cloud Cover,1902,26.787,21.942,29.88,24.712,31.79,54.858,71.433,70.503,51.196,26.925,16.84,21.155
Cloud Cover,1903,26.787,21.942,29.88,24.712,31.79,54.858,71.433,70.666,51.196,26.925,16.84,21.155
Cloud Cover,1904,26.787,21.942,29.88,24.712,31.79,54.858,71.433,70.666,51.196,26.925,16.84,21.155
Cloud Cover,1905,26.787,21.942,29.88,24.712,31.79,54.858,71.433,70.666,51.196,26.925,16.84,21.155
Cloud Cover,1906,26.787,21.942,29.88,24.712,31.79,54.858,71.433,70.666,51.196,26.828,16.84,21.155
Cloud Cover,1907,26.787,21.942,29.88,24.712,31.79,54.858,71.433,70.666,51.196,27.503,17.229,21.304
Cloud Cover,1908,26.787,21.942,29.88,24.712,31.79,54.834,71.433,70.642,51.196,26.925,16.84,21.155
Cloud Cover,1909,26.787,21.942,29.88,24.712,31.79,54.858,71.433,70.642,51.196,26.925,16.84,21.155
Cloud Cover,1910,26.787,21.942,29.88,24.712,31.79,54.858,71.433,70.666,51.196,26.925,16.84,21.155
Cloud Cover,1911,26.787,21.942,29.88,24.712,31.79,54.858,71.433,70.666,51.196,26.925,16.84,21.155
Cloud Cover,1912,26.787,21.942,29.88,24.723,31.79,54.858,71.41,70.666,51.196,26.925,16.817,21.155
Cloud Cover,1913,26.787,21.942,29.88,24.712,31.79,54.832,71.049,70.666,51.196,26.925,16.84,21.155
Cloud Cover,1914,26.727,21.942,29.88,24.712,31.79,54.692,71.057,70.666,50.994,26.761,16.84,21.155
Cloud Cover,1915,26.787,22.032,29.919,24.712,31.754,54.025,71.271,70.276,51.196,26.828,16.583,21.155
Cloud Cover,1916,26.787,21.942,29.88,24.712,31.79,54.858,71.194,70.666,51.196,27.184,16.84,21.155
Cloud Cover,1917,26.787,21.621,29.88,24.259,31.55,54.834,70.846,70.308,51.196,26.925,16.84,21.155
Cloud Cover,1918,26.787,21.942,29.88,24.712,31.231,54.433,71.046,70.561,50.807,26.664,16.84,21.042
Cloud Cover,1919,26.787,21.929,29.88,24.483,31.79,54.858,71.433,70.131,50.87,26.206,16.351,21.13
Cloud Cover,1920,26.787,21.942,29.88,24.712,31.79,54.858,71.433,70.065,51.196,26.602,16.839,21.155
Cloud Cover,1921,26.787,21.942,29.88,24.712,31.79,54.47,70.95,70.584,51.201,26.342,16.481,21.155
Cloud Cover,1922,26.787,21.812,29.892,24.712,31.79,54.858,71.433,70.503,51.196,27.139,16.84,21.155
Cloud Cover,1923,26.787,21.942,29.88,24.712,31.79,54.858,71.433,70.666,51.196,26.437,15.942,20.59
Cloud Cover,1924,26.432,21.582,29.912,24.712,31.79,54.858,71.433,70.666,51.196,26.482,16.659,21.155
Cloud Cover,1925,26.787,21.179,29.479,24.44,31.103,54.385,71.269,69.687,50.81,26.9,16.215,19.76
Cloud Cover,1926,26.508,21.942,29.979,25.112,31.79,54.858,71.433,70.666,51.196,27.07,16.84,21.155
Cloud Cover,1927,26.922,21.942,29.915,24.72,31.787,54.858,71.433,70.666,51.196,26.925,16.84,21.144
Cloud Cover,1928,26.787,21.942,29.88,24.712,31.79,54.858,71.433,70.666,51.196,26.925,16.84,21.155
Cloud Cover,1929,26.465,21.929,29.711,23.769,31.612,54.858,71.565,69.989,50.755,26.645,16.84,21.556
Cloud Cover,1930,26.437,21.942,29.383,24.712,31.632,54.858,71.433,70.181,51.59,26.974,15.881,21.155
Cloud Cover,1931,22.578,21.97,24.723,17.442,26.963,46.066,68.856,69.115,49.823,29.076,9.884,16.945
Cloud Cover,1932,22.429,14.665,24.702,15.654,27.344,50.026,69.816,68.29,44.608,17.683,5.7,18.13
Cloud Cover,1933,23.071,18.151,20.952,22.342,32.867,53.329,69.757,73.065,52.481,23.843,9.609,16.736
Cloud Cover,1934,24.315,15.764,26.962,16.717,26.483,51.999,69.632,69.265,44.762,18.172,16.438,21.39
Cloud Cover,1935,25.6,25.562,23.965,23.654,25.478,41.095,68.602,69.272,45.974,19.66,11.226,17.358
Cloud Cover,1936,19.574,20.666,25.296,18.566,29.265,56.344,70.445,69.244,49.601,24.608,12.537,24.096
Cloud Cover,1937,20.097,25.326,25.061,19.831,28.728,49.247,70.15,67.716,45.842,21.826,13.02,18.414
Cloud Cover,1938,28.142,21.433,25.719,17.224,29.815,56.54,65.842,68.03,44.446,20.515,15.296,14.368
Cloud Cover,1939,21.163,22.309,28.674,17.994,22.536,55.324,68.604,66.343,45.911,22.603,6.631,15.686
Cloud Cover,1940,25.577,23.828,30.021,19.124,27.536,52.109,69.183,69.217,45.606,18.395,11.428,16.694
Cloud Cover,1941,25.678,15.023,24.74,16.737,30.817,57.109,69.291,68.396,48.915,24.488,8.242,16.927
Cloud Cover,1942,24.595,20.703,25.822,17.936,30.308,49.739,72.36,69.432,50.75,21.505,12.273,19.709
Cloud Cover,1943,30.865,14.353,22.593,19.643,27.118,50.996,70.245,69.031,48.139,18.918,4.829,16.104
Cloud Cover,1944,27.253,23.271,26.693,21.847,24.23,46.9,70.506,70.945,46.543,18.287,8.488,15.566
Cloud Cover,1945,26.356,11.829,23.779,23.797,26.812,47.928,70.191,68.749,51.984,26.034,6.32,14.952
Cloud Cover,1946,20.628,12.63,19.785,18.282,30.985,54.269,69.261,69.269,45.345,25.836,8.561,17.654
Cloud Cover,1947,22.645,13.903,20.964,16.314,25.981,50.816,66.39,69.68,50.795,21.605,11.615,19.201
Cloud Cover,1948,24.676,21.55,29.331,19.374,28.014,50.853,69.872,71.262,47.19,25.584,11.9,22.368
Cloud Cover,1949,23.653,17.669,26.719,21.36,31.312,51.885,70.035,68.975,47.084,20.038,5.597,14.686
Cloud Cover,1950,25.6,15.345,26.83,14.889,27.499,56.438,72.606,69.192,49.895,25.528,6.518,11.891
Cloud Cover,1951,23.243,9.573,22.675,20.722,27.345,53.178,68.159,69.265,41.546,21.845,15.503,19.621
Cloud Cover,1952,22.014,20.797,39.625,28.291,35.191,53.458,72.608,73.601,48.724,12.248,0.364,17.101
Cloud Cover,1953,35.751,18.446,27.162,22.258,35.129,57.913,76.222,73.079,52.36,22.402,9.68,21.059
Cloud Cover,1954,36.431,38.153,28.275,20.098,31.08,59.076,70.846,70.937,57.3,26.004,10.97,20.191
Cloud Cover,1955,35.687,20.86,27.446,22.45,28.902,57.835,75.286,73.236,57.935,44.015,19.11,23.299
Cloud Cover,1956,34.881,15.658,33.163,23.524,40.457,66.761,72.906,71.861,54.171,41.685,18.433,24.03
Cloud Cover,1957,40.86,21.185,36.665,23.066,29.313,51.746,74.131,69.413,48.317,21.158,10.873,24.993
Cloud Cover,1958,27.711,21.677,27.582,27.217,30.315,49.024,74.75,73.661,58.448,36.718,20.627,28.042
Cloud Cover,1959,37.601,27.618,25.003,25.279,33.341,56.101,74.31,73.065,54.043,38.334,16.883,17.442
Cloud Cover,1960,25.213,8.699,39.542,22.727,30.267,50.085,73.997,74.367,53.243,31.399,12.504,19.68
Cloud Cover,1961,35.163,32.549,31.367,22.397,32.992,56.084,72.983,74.581,56.584,40.02,25.563,27.065
Cloud Cover,1962,28.059,35.218,32.462,26.963,29.205,53.55,68.929,70.507,56.205,24.394,11.646,22.263
Cloud Cover,1963,18.571,7.821,28.114,27.023,30.354,52.934,68.543,71.16,48.687,24.979,25.38,17.957
Cloud Cover,1964,21.403,17.838,22.643,25.961,30.291,49.868,72.951,69.695,56.233,22.208,9.26,22.357
Cloud Cover,1965,24.58,17.914,27.742,31.202,28.78,46.552,69.354,67.604,47.578,28.051,14.7,12.635
Cloud Cover,1966,19.517,16.963,21.552,19.428,25.034,55.345,67.722,71.709,42.096,16.676,20.954,14.867
Cloud Cover,1967,18.681,8.225,37.426,24.815,30.125,51.993,72.833,73.065,50.826,19.827,16.283,37.705
Cloud Cover,1968,36.963,23.262,28.768,23.58,27.829,57.978,72.237,69.265,44.186,23.425,11.114,17.999
Cloud Cover,1969,19.703,17.286,25.242,24.223,36.587,52.286,72.256,71.617,56.921,23.897,19.891,18.684
Cloud Cover,1970,29.014,28.292,36.323,21.635,33.965,60.251,70.479,70.993,55.874,29.157,10.103,13.816
Cloud Cover,1971,25.538,16.49,27.619,30.276,39.005,65.256,75.002,73.777,50.777,36.636,19.87,18.813
Cloud Cover,1972,21.84,24.802,28.762,24.637,25.943,46.809,68.559,68.961,49.4,27.932,18.358,22.145
Cloud Cover,1973,29.71,20.922,28.768,19.315,32.712,58.306,71.798,71.864,55.99,36.718,12.497,20.787
Cloud Cover,1974,21.195,17.905,28.358,24.183,31.081,52.258,69.323,69.265,45.4,26.989,9.616,21.975
Cloud Cover,1975,31.543,24.236,31.56,23.507,30.571,54.041,70.035,71.441,57.997,35.021,13.942,14.939
Cloud Cover,1976,26.463,23.082,32.105,24.704,32.121,54.907,70.035,71.24,52.312,17.389,18.436,17.02
Cloud Cover,1977,25.986,15.679,21.292,28.764,37.854,53.49,74.568,71.864,54.289,27.189,22.323,22.575
Cloud Cover,1978,28.325,30.375,36.232,24.708,31.225,59.458,72.608,72.027,53.609,25.387,19.264,21.623
Cloud Cover,1979,32.882,31.663,32.15,21.803,26.242,47.017,70.015,64.788,36.93,18.361,24.364,25.918
Cloud Cover,1980,29.306,22.32,32.839,18.897,33.481,61.576,75.099,69.878,50.537,26.203,15.527,21.484
Cloud Cover,1981,33.017,21.715,33.243,22.189,33.54,53.578,72.608,69.814,50.619,21.336,19.129,21.381
Cloud Cover,1982,29.125,26.02,33.747,25.663,33.31,55.071,70.035,71.709,45.171,28.126,17.094,22.527
Cloud Cover,1983,27.538,24.471,31.367,27.125,34.068,56.113,69.265,67.151,53.06,30.543,14.396,20.044
Cloud Cover,1984,26.775,23.263,25.314,26.201,31.892,57.048,72.596,68.035,51.244,26.762,14.547,21.826
Cloud Cover,1985,28.978,14.16,27.894,23.524,31.738,56.002,70.591,71.606,52.264,28.167,16.504,21.536
Cloud Cover,1986,25.988,19.529,29,26.123,30.291,52.258,71.597,69.523,48.913,27.613,18.804,20.549
Cloud Cover,1987,24.354,20.749,30.043,26.813,32.238,52.258,72.608,71.449,49.879,27.505,13.271,22.809
Cloud Cover,1988,28.142,21.033,31.26,24.955,32.111,56.792,75.015,72.691,52.13,26.638,15.869,22.267
Cloud Cover,1989,29.238,27.677,31.264,23.524,32.892,58.282,69.926,71.21,52.184,29.326,20.192,24.809
Cloud Cover,1990,25.842,26.754,32.165,27.273,35.89,57.988,73.807,71.923,57.493,31.413,16.194,24.429
Cloud Cover,1991,26.787,21.942,29.88,24.712,31.79,54.858,71.433,70.666,51.196,26.925,16.84,21.155
Cloud Cover,1992,26.787,21.942,29.88,24.712,31.79,54.858,71.433,70.666,51.196,26.925,16.84,21.155
Cloud Cover,1993,26.787,21.942,29.88,24.712,31.79,54.858,71.433,70.666,51.196,26.925,16.84,21.155
Cloud Cover,1994,26.787,21.942,29.88,24.712,31.79,54.858,71.433,70.666,51.196,26.925,16.84,21.155
Cloud Cover,1995,26.787,21.942,29.88,24.712,31.79,54.858,71.433,70.666,51.196,29.418,19.021,24.835
Cloud Cover,1996,16.296,18.344,47.028,15.819,32.478,50.163,66.838,71.793,44.211,28.794,7.444,19.081
Cloud Cover,1997,23.393,16.313,32.43,22.488,31.065,37.969,62.63,59.004,51.51,26.276,16.924,38.787
Cloud Cover,1998,25.831,19.327,23.596,39.71,31.325,45.382,68.265,74.615,51.84,28.552,16.095,25.515
Cloud Cover,1999,25.677,21.675,23.022,13.029,36.365,45.272,70.856,65.741,60.88,40.577,30.304,18.676
Cloud Cover,2000,24.212,21.915,21.961,19.998,30.28,54.073,69.656,64.779,45.967,23.004,16.805,12.203
Cloud Cover,2001,24.089,17.877,29.43,22.084,34.074,54.124,75.594,60.738,37.073,40.112,14.823,25.359
Cloud Cover,2002,26.069,22.621,23.204,24.22,35.041,45.614,61.418,73.512,49.841,26.672,13.932,30.682
Vapour Pressure,1901,9.827,10.191,10.46,11.818,16.536,30.263,35.483,31.955,30.82,19.019,13.449,12.21
Vapour Pressure,1902,11.912,10.992,11.541,11.73,16.632,27.946,32.89,32.094,29.689,18.556,12.698,11.326
Vapour Pressure,1903,11.012,10.267,9.721,11.411,16.583,29.313,36.561,31.955,29.788,18.536,12.548,12.114
Vapour Pressure,1904,11.012,11.124,10.472,12.474,16.583,26.758,31.923,31.907,29.626,18.739,12.61,12.21
Vapour Pressure,1905,10.412,8.26,8.557,9.855,16.531,30.368,32.947,31.955,29.774,18.739,13.411,12.013
Vapour Pressure,1906,10.831,10.179,9.613,11.806,17.984,26.711,32.952,31.898,29.732,18.63,13.577,12.21
Vapour Pressure,1907,11.912,10.261,8.639,10.323,16.356,27.784,37.284,31.898,31.355,19.701,13.386,11.326
Vapour Pressure,1908,10.311,10.992,10.508,13.119,17.313,29.218,32.888,31.944,29.689,18.739,12.623,11.359
Vapour Pressure,1909,11.776,10.215,11.005,10.764,16.536,25.3,31.949,31.955,29.652,18.63,13.411,12.053
Vapour Pressure,1910,10.88,10.963,10.508,11.719,16.632,26.923,32.67,31.955,29.59,18.399,12.747,11.399
Vapour Pressure,1911,11.803,10.569,9.241,11.818,17.848,26.91,34.814,31.955,29.645,18.739,12.598,11.322
Vapour Pressure,1912,11.012,10.992,10.178,11.678,16.556,28.599,34.147,31.898,29.594,18.739,12.65,11.36
Vapour Pressure,1913,10.925,10.779,9.245,12.084,15.633,24.429,32.67,32.664,30.013,19.056,12.762,11.346
Vapour Pressure,1914,11.862,10.7,9.957,11.29,16.536,26.886,32.925,31.886,29.677,17.985,13.411,11.856
Vapour Pressure,1915,11.012,10.198,9.834,11.719,18.023,27.712,34.751,32.564,29.835,20.027,13.751,12.21
Vapour Pressure,1916,10.988,10.684,12.06,12.422,16.929,24.912,32.91,31.955,29.788,18.739,12.347,11.36
Vapour Pressure,1917,11.012,10.602,9.941,10.135,13.755,25.835,32.974,31.955,29.689,18.654,12.589,12.21
Vapour Pressure,1918,10.424,10.992,10.508,10.983,17.065,23.982,34.818,33.458,29.889,18.759,13.386,11.326
Vapour Pressure,1919,11.378,10.247,10.46,11.461,16.495,26.635,31.947,31.955,29.684,18.63,12.961,11.372
Vapour Pressure,1920,11.243,10.699,9.953,11.745,15.29,27.229,32.914,32.373,29.823,19.172,13.386,11.928
Vapour Pressure,1921,11.507,10.687,12.205,12.715,19.932,27.728,34.711,31.887,29.688,18.13,12.623,12.362
Vapour Pressure,1922,10.931,11.336,11.214,11.978,17.575,25.594,32.67,31.918,29.637,18.197,12.605,11.134
Vapour Pressure,1923,11.012,10.535,10.512,12.299,16.595,31.064,32.678,31.907,29.684,17.641,12.96,12.21
Vapour Pressure,1924,10.616,10.992,11.269,12.52,16.293,30.308,32.917,31.898,29.59,18.739,12.71,12.078
Vapour Pressure,1925,10.412,10.255,10.508,12.306,16.575,25.124,31.412,32.063,30.755,18.739,12.69,11.322
Vapour Pressure,1926,11.012,10.991,9.673,9.693,15.641,29.754,34.246,31.898,29.626,18.137,11.779,11.882
Vapour Pressure,1927,10.469,10.267,9.81,11.25,16.555,27.891,32.975,31.955,29.676,18.739,12.495,12.222
Vapour Pressure,1928,11.012,10.992,10.508,11.718,17.381,26.897,32.978,33.638,31.477,18.751,13.411,12.209
Vapour Pressure,1929,11.012,10.253,10.898,11.75,17.643,26.998,32.678,31.955,31.141,18.713,13.387,11.703
Vapour Pressure,1930,10.659,10.636,10.514,11.745,16.535,26.943,32.07,31.955,29.59,18.739,12.694,12.075
Vapour Pressure,1931,11.9,10.147,10.532,12.606,16.595,28.598,32.67,33.828,29.638,18.582,12.61,12.186
Vapour Pressure,1932,11.991,10.24,10.532,11.761,16.81,29.27,33.792,31.918,29.689,18.739,12.942,11.596
Vapour Pressure,1933,10.16,10.992,10.496,10.453,14.638,26.848,32.89,31.918,29.371,18.346,12.724,12.21
Vapour Pressure,1934,10.392,11.362,10.066,11.77,16.532,26.906,32.979,31.955,29.688,18.62,12.768,12.118
Vapour Pressure,1935,10.322,10.992,10.533,10.374,17.585,29.29,32.825,31.897,29.645,18.477,13.094,11.434
Vapour Pressure,1936,10.491,10.173,10.408,11.293,17.02,24.581,32.708,31.879,29.638,18.677,13.411,11.816
Vapour Pressure,1937,10.412,10.682,9.846,10.786,16.548,27.432,32.67,32.243,29.638,17.752,13.078,11.327
Vapour Pressure,1938,10.999,9.722,11.161,12.175,16.811,24.228,32.737,31.907,29.746,18.63,12.527,11.724
Vapour Pressure,1939,11.562,10.779,9.742,11.286,17.675,26.398,32.974,32.662,29.688,18.739,12.999,12.059
Vapour Pressure,1940,10.9,10.305,9.175,11.018,16.535,27.432,34.295,31.955,29.677,18.739,13.406,11.173
Vapour Pressure,1941,11.011,11.016,11.925,13.438,16.7,26.658,35.222,31.974,29.59,19.692,13.361,12.22
Vapour Pressure,1942,10.545,10.992,11.365,12.214,17.631,28.525,32.596,31.86,29.638,18.739,13.411,12.022
Vapour Pressure,1943,11.85,10.54,10.365,11.006,17.62,26.686,32.91,31.955,29.649,18.673,14.193,12.065
Vapour Pressure,1944,10.777,10.449,9.805,10.99,18.377,26.886,32.67,32.701,29.688,18.491,13.411,12.962
Vapour Pressure,1945,10.334,10.286,10.464,11.018,16.595,28.462,32.65,33.794,29.685,17.621,12.9,11.322
Vapour Pressure,1946,11.175,11.743,10.306,12.328,15.971,26.042,32.67,31.907,30.387,18.739,13.411,12.312
Vapour Pressure,1947,10.569,10.992,11.237,12.521,17.081,28.575,32.67,31.898,29.638,18.288,13.411,12.206
Vapour Pressure,1948,11.214,10.692,9.961,12.57,17.637,28.948,32.69,31.86,29.689,18.739,12.323,11.906
Vapour Pressure,1949,11.876,10.992,10.508,12.43,17.074,28.565,32.954,31.898,29.626,18.739,12.745,11.322
Vapour Pressure,1950,10.924,10.293,9.81,11.21,16.632,27.718,32.939,31.955,29.689,18.739,12.698,11.897
Vapour Pressure,1951,10.413,10.992,10.533,10.639,16.549,26.723,34.035,31.918,29.677,20.261,13.411,12.21
Vapour Pressure,1952,11.835,11.896,10.412,12.375,17.733,26.638,32.966,31.955,29.78,18.739,12.899,12.21
Vapour Pressure,1953,10.31,12.342,12.837,11.843,17.775,28.206,32.91,31.898,29.665,18.739,12.61,12.915
Vapour Pressure,1954,10.412,11.791,10.889,12.326,18.567,26.711,32.67,31.918,29.684,17.238,12.855,12.209
Vapour Pressure,1955,10.671,11.168,11.494,11.018,16.536,28.259,32.801,31.955,29.665,18.654,12.92,12.142
Vapour Pressure,1956,11.012,11.116,10.408,12.188,17.601,26.031,31.311,31.955,29.552,18.251,12.841,12.209
Vapour Pressure,1957,11.006,10.781,9.81,11.018,16.536,27.333,32.67,31.956,29.626,18.739,13.793,12.211
Vapour Pressure,1958,11.999,11.579,10.956,12.846,17.763,30.136,32.979,31.955,29.645,18.74,13.27,12.27
Vapour Pressure,1959,11.012,10.979,11.156,11.717,16.587,26.822,32.67,31.894,29.634,18.743,13.411,12.346
Vapour Pressure,1960,10.672,12.538,10.459,11.666,16.736,28.543,32.678,31.955,29.696,18.739,12.61,12.23
Vapour Pressure,1961,11.012,10.115,11.32,11.741,16.549,26.711,33.003,31.898,29.473,18.966,13.058,10.693
Vapour Pressure,1962,10.655,11.355,10.508,11.717,16.595,29.897,34.818,31.955,29.504,17.522,13.413,12.318
Vapour Pressure,1963,10.472,11.328,10.29,11.482,16.486,26.724,33.271,31.918,30.492,18.739,14.122,12.21
Vapour Pressure,1964,10.898,11.192,11.365,12.454,15.818,27.543,31.78,31.955,29.689,19.018,12.642,12.223
Vapour Pressure,1965,11.936,11.316,10.408,11.034,16.672,30.285,32.991,32.852,29.689,18.739,13.411,11.454
Vapour Pressure,1966,10.571,12.584,10.643,12.48,17.788,26.674,34.855,31.958,29.708,19.044,13.463,12.209
Vapour Pressure,1967,10.999,11.804,9.989,11.717,16.632,27.596,32.67,31.871,29.389,18.739,12.97,12.21
Vapour Pressure,1968,10.607,10.195,10.364,11.669,16.535,27.254,31.7,31.955,30.087,18.739,13.11,12.21
Vapour Pressure,1969,11.012,11.791,12.012,11.765,16.374,28.439,32.342,31.955,29.684,18.739,14.205,11.711
Vapour Pressure,1970,11.012,10.652,10.407,12.629,16.6,25.343,32.353,31.955,29.61,18.664,12.82,12.041
Vapour Pressure,1971,11.012,10.992,10.286,11.338,15.107,24.485,30.913,30.226,29.585,18.739,13.321,12.299
Vapour Pressure,1972,11.036,10.191,9.87,11.717,16.467,27.254,34.06,31.762,28.61,17.892,13.349,12.259
Vapour Pressure,1973,11.363,10.695,10.355,12.144,16.958,26.444,32.063,31.955,29.611,18.693,12.693,11.323
Vapour Pressure,1974,10.988,10.514,11.402,12.838,16.51,26.074,32.269,29.63,29.481,20.027,12.956,11.379
Vapour Pressure,1975,10.223,11.143,10.408,12.582,17.737,25.811,31.866,31.93,29.482,19.54,12.698,11.987
Vapour Pressure,1976,11.561,10.992,10.508,11.362,16.017,25.775,32.646,30.091,29.502,18.739,14.62,12.21
Vapour Pressure,1977,11.279,10.616,11.048,11.313,14.865,27.291,33.111,31.955,29.59,18.767,14.363,12.246
Vapour Pressure,1978,10.96,10.251,9.25,11.262,18.035,26.918,32.935,31.427,29.193,18.763,13.912,12.516
Vapour Pressure,1979,11.699,10.227,10.198,11.717,16.594,27.165,32.67,31.943,29.893,20.039,15.783,12.678
Vapour Pressure,1980,11.012,11.592,10.408,12.519,17.453,24.616,29.41,31.856,29.49,19.697,13.411,12.21
Vapour Pressure,1981,11,11.309,10.321,11.717,16.481,26.711,31.282,31.955,29.59,18.485,12.747,12.21
Vapour Pressure,1982,11.287,10.3,9.097,11.018,15.572,25.817,34.995,31.955,29.668,18.739,13.411,12.798
Vapour Pressure,1983,10.523,10.504,10.329,10.773,15.597,27.665,32.382,31.955,29.685,18.739,12.998,12.21
Vapour Pressure,1984,11,10.063,11.398,11.717,17.972,25.457,32.742,31.753,29.604,18.739,12.844,12.233
Vapour Pressure,1985,10.771,10.786,11.666,11.933,16.632,27.269,32.69,31.955,29.59,18.585,13.411,12.862
Vapour Pressure,1986,11.012,10.849,10.408,11.717,15.533,26.706,31.79,31.898,29.684,18.712,13.411,12.153
Vapour Pressure,1987,10.911,11.779,10.408,11.741,16.175,30.238,34.951,34.002,29.936,19.092,13.163,12.235
Vapour Pressure,1988,11.904,11.791,10.432,12.643,18.066,26.658,32.67,31.867,31.49,19.005,13.411,12.878
Vapour Pressure,1989,10.519,11.502,10.432,11.831,16.62,25.422,32.67,30.821,29.639,18.739,13.584,12.21
Vapour Pressure,1990,12.016,11.244,9.961,11.729,16.395,27.198,31.782,32.027,29.616,18.678,13.411,12.211
Vapour Pressure,1991,10.871,11.791,10.743,11.681,17.666,26.898,34.751,31.955,29.609,18.739,13.117,12.21
Vapour Pressure,1992,10.967,10.191,10.666,11.98,16.059,26.71,33.287,31.907,29.684,18.739,13.918,12.21
Vapour Pressure,1993,11.443,11.792,9.81,11.424,16.583,27.347,34.308,32.265,29.458,18.767,13.437,12.206
Vapour Pressure,1994,11.815,10.992,11.222,11.018,17.512,26.96,32.954,31.918,29.666,18.739,13.346,12.299
Vapour Pressure,1995,10.588,11.166,10.462,11.818,18.504,28.712,32.966,31.824,29.638,19.142,13.309,12.875
Vapour Pressure,1996,11.012,10.936,11.221,11.757,17.498,26.984,32.72,31.898,29.602,18.739,13.611,11.917
Vapour Pressure,1997,11.012,10.642,10.512,11.274,15.679,27.169,35.523,31.955,29.59,17.324,13.411,12.437
Vapour Pressure,1998,10.435,11.72,9.833,12.01,17.579,27.965,32.888,32.011,29.703,19.361,15.673,12.642
Vapour Pressure,1999,10.936,12.236,11.263,13.225,16.536,26.886,33.52,31.955,29.689,18.781,14.97,12.912
Vapour Pressure,2000,11.991,11.016,10.495,12.569,16.632,25.522,32.979,32.006,29.722,20.129,15.127,13.196
Vapour Pressure,2001,11.036,11.716,10.508,11.697,16.595,24.402,32.725,32.326,29.819,20.043,14.083,12.553
Vapour Pressure,2002,11.803,11.308,11.213,12.267,17.648,26.928,36.903,31.918,29.68,18.787,13.411,12.378
RCE,1901,2.61,3.46,5.2,6.93,7.77,7.28,5.57,4.66,4.58,4.58,3.49,2.67
RCE,1902,2.83,3.64,5.52,7.06,7.82,7.04,5.35,4.69,4.55,4.42,3.4,2.62
RCE,1903,2.74,3.44,5.13,6.92,7.83,7.1,5.56,4.68,4.62,4.44,3.4,2.63
RCE,1904,2.77,3.59,5.26,7.1,7.67,6.92,5.27,4.59,4.55,4.46,3.36,2.67
RCE,1905,2.6,3.14,4.91,6.53,7.69,7.17,5.39,4.63,4.59,4.48,3.48,2.64
RCE,1906,2.68,3.4,5.1,7.02,7.97,6.94,5.38,4.62,4.58,4.51,3.53,2.72
RCE,1907,2.87,3.41,4.93,6.67,7.59,7.02,5.65,4.66,4.7,4.61,3.49,2.6
RCE,1908,2.68,3.59,5.26,7.29,7.92,7.14,5.37,4.63,4.65,4.5,3.41,2.62
RCE,1909,2.87,3.43,5.42,6.74,7.79,6.56,5.27,4.65,4.58,4.52,3.48,2.68
RCE,1910,2.71,3.54,5.31,6.98,7.75,6.8,5.37,4.63,4.61,4.41,3.36,2.6
RCE,1911,2.87,3.54,5,6.92,7.96,6.84,5.54,4.69,4.51,4.5,3.34,2.6
RCE,1912,2.74,3.65,5.2,6.91,7.77,7.05,5.38,4.63,4.53,4.46,3.36,2.6
RCE,1913,2.72,3.53,5,7.09,7.51,6.57,5.39,4.72,4.64,4.58,3.37,2.63
RCE,1914,2.86,3.59,5.14,6.88,7.67,6.94,5.31,4.63,4.58,4.39,3.49,2.66
RCE,1915,2.78,3.44,5.15,6.92,8.01,6.96,5.42,4.65,4.55,4.6,3.49,2.67
RCE,1916,2.72,3.53,5.54,7.14,7.86,6.58,5.33,4.61,4.56,4.52,3.38,2.55
RCE,1917,2.71,3.53,5.11,6.54,7.18,6.69,5.32,4.65,4.51,4.46,3.34,2.62
RCE,1918,2.64,3.62,5.31,6.8,7.89,6.6,5.61,4.67,4.66,4.51,3.44,2.58
RCE,1919,2.71,3.39,5.27,6.81,7.67,6.97,5.27,4.66,4.57,4.45,3.42,2.62
RCE,1920,2.76,3.47,5.2,6.96,7.42,6.94,5.29,4.66,4.66,4.59,3.51,2.69
RCE,1921,2.79,3.61,5.57,7.26,8.17,6.9,5.48,4.57,4.52,4.4,3.38,2.75
RCE,1922,2.7,3.66,5.42,7.02,7.99,6.84,5.28,4.56,4.52,4.39,3.41,2.6
RCE,1923,2.74,3.47,5.31,7.13,7.84,7.22,5.32,4.61,4.58,4.39,3.44,2.68
RCE,1924,2.7,3.56,5.51,7.15,7.6,7.28,5.28,4.6,4.52,4.51,3.42,2.66
RCE,1925,2.61,3.44,5.26,7.07,7.64,6.69,5.21,4.67,4.54,4.51,3.35,2.6
RCE,1926,2.7,3.64,5.08,6.49,7.51,7.19,5.47,4.66,4.54,4.42,3.27,2.62
RCE,1927,2.63,3.44,5.1,6.92,7.65,7.01,5.36,4.62,4.63,4.5,3.36,2.72
RCE,1928,2.71,3.58,5.3,6.87,7.93,6.85,5.32,4.77,4.71,4.59,3.51,2.69
RCE,1929,2.71,3.44,5.41,7.06,7.99,6.92,5.35,4.56,4.66,4.42,3.43,2.62
RCE,1930,2.64,3.48,5.41,6.93,7.78,6.92,5.29,4.61,4.57,4.51,3.39,2.64
RCE,1931,2.86,3.4,5.22,7.19,7.79,7.13,5.41,4.7,4.55,4.46,3.41,2.7
RCE,1932,2.87,3.45,5.34,6.96,7.68,7.11,5.47,4.47,4.58,4.51,3.45,2.62
RCE,1933,2.61,3.62,5.36,6.59,7.31,6.76,5.32,4.66,4.55,4.46,3.42,2.67
RCE,1934,2.7,3.64,5.22,7.03,7.81,6.85,5.33,4.55,4.59,4.43,3.44,2.65
RCE,1935,2.6,3.57,5.29,6.56,7.93,7.1,5.31,4.58,4.52,4.41,3.43,2.6
RCE,1936,2.64,3.5,5.29,6.82,7.8,6.57,5.24,4.58,4.52,4.41,3.44,2.7
RCE,1937,2.63,3.52,5.13,6.69,7.67,6.84,5.38,4.53,4.51,4.34,3.45,2.6
RCE,1938,2.72,3.35,5.45,7.12,7.77,6.59,5.23,4.6,4.57,4.54,3.34,2.65
RCE,1939,2.8,3.54,5.09,6.83,7.96,6.77,5.31,4.59,4.48,4.51,3.42,2.66
RCE,1940,2.71,3.46,5,6.8,7.79,7,5.36,4.58,4.55,4.5,3.51,2.6
RCE,1941,2.7,3.61,5.55,7.33,7.84,6.79,5.46,4.69,4.61,4.61,3.44,2.7
RCE,1942,2.67,3.63,5.42,7.03,7.96,7.09,5.32,4.63,4.52,4.51,3.55,2.65
RCE,1943,2.86,3.59,5.39,6.72,7.94,6.99,5.39,4.56,4.62,4.51,3.54,2.73
RCE,1944,2.66,3.47,5.11,6.72,8.04,6.88,5.35,4.67,4.6,4.44,3.51,2.8
RCE,1945,2.6,3.5,5.34,6.72,7.77,7,5.42,4.73,4.56,4.39,3.43,2.58
RCE,1946,2.86,3.77,5.27,6.95,7.62,6.79,5.25,4.58,4.64,4.51,3.48,2.76
RCE,1947,2.69,3.63,5.42,7.2,7.89,7.12,5.33,4.66,4.61,4.46,3.51,2.7
RCE,1948,2.8,3.54,5.22,7.21,7.98,7.12,5.31,4.62,4.56,4.52,3.41,2.63
RCE,1949,2.86,3.61,5.34,6.94,7.68,7.04,5.46,4.61,4.6,4.57,3.34,2.58
RCE,1950,2.81,3.47,5.19,6.86,7.92,6.87,5.31,4.6,4.49,4.46,3.42,2.66
RCE,1951,2.76,3.58,5.19,6.76,7.73,6.95,5.5,4.67,4.48,4.7,3.56,2.68
RCE,1952,2.83,3.74,5.22,7.12,8.13,6.79,5.31,4.59,4.57,4.57,3.54,2.72
RCE,1953,2.66,3.83,5.71,7.07,7.91,6.91,5.19,4.51,4.52,4.52,3.46,2.81
RCE,1954,2.7,3.68,5.38,7.2,7.92,6.84,5.34,4.28,4.46,4.44,3.51,2.65
RCE,1955,2.79,3.75,5.55,6.87,7.8,6.85,5.14,4.6,4.57,4.4,3.43,2.7
RCE,1956,2.74,3.64,5.33,7.11,8.02,6.54,5.55,4.67,4.38,4.34,3.38,2.7
RCE,1957,2.72,3.47,5.18,6.86,7.89,7.01,5.26,4.53,4.65,4.55,3.66,2.76
RCE,1958,2.79,3.62,5.45,7.3,7.96,7.2,5.5,4.54,4.55,4.5,3.58,2.74
RCE,1959,2.71,3.57,5.53,7.06,7.82,7.25,5.37,4.57,4.7,4.39,3.54,2.81
RCE,1960,2.79,3.95,5.29,6.93,8.02,7.21,5.28,4.58,4.52,4.47,3.43,2.78
RCE,1961,2.76,3.39,5.28,7.04,7.62,7.01,5.2,4.46,4.36,4.22,3.25,2.46
RCE,1962,2.69,3.56,5.25,7.01,7.68,7.13,5.43,4.55,4.3,4.35,3.38,2.63
RCE,1963,2.85,3.84,5.22,6.7,7.45,6.75,5.33,4.45,4.4,4.44,3.46,2.81
RCE,1964,2.72,3.56,5.59,6.96,7.47,7.07,5.04,4.45,4.29,4.72,3.43,2.65
RCE,1965,2.96,3.59,5.17,6.61,7.42,7.36,5.36,4.77,4.73,4.48,3.55,2.83
RCE,1966,2.92,3.98,5.42,7.09,8.15,6.98,5.74,4.58,4.62,4.69,3.67,2.67
RCE,1967,2.81,3.92,5.16,6.87,7.83,7.22,5.45,4.25,4.66,4.52,3.48,2.72
RCE,1968,2.64,3.47,5.38,6.94,7.81,6.55,5.35,4.65,5.1,4.39,3.54,2.7
RCE,1969,2.79,3.76,6.04,7.04,7.63,7.22,5.37,4.56,4.37,4.59,3.7,2.84
RCE,1970,2.77,3.54,5.2,7.4,7.83,6.81,5.62,4.72,4.47,4.63,3.44,2.84
RCE,1971,2.71,3.58,5.22,6.8,7.27,6.25,4.93,4.66,4.88,4.53,3.47,2.86
RCE,1972,2.74,3.38,5.66,7.06,8.2,7.54,6.09,4.78,4.51,4.28,3.44,2.72
RCE,1973,2.65,3.68,5.32,7.68,7.97,7.21,5.72,4.98,4.77,4.6,3.45,2.63
RCE,1974,2.71,3.53,5.45,7.4,8.5,7.13,5.29,5.01,5.16,4.75,3.55,2.62
RCE,1975,2.76,3.54,5.06,7.16,8.19,6.86,5.29,4.79,4.21,4.66,3.28,2.69
RCE,1976,2.76,3.58,5.29,6.84,7.68,6.65,5.24,4.35,4.63,4.7,3.74,2.73
RCE,1977,2.61,3.73,5.71,6.74,7.42,6.47,5.11,4.49,4.46,4.53,3.74,2.61
RCE,1978,2.68,3.36,4.97,6.96,8.28,6.81,5.04,4.35,4.07,4.42,3.38,2.63
RCE,1979,2.79,3.37,4.96,6.82,7.76,6.87,5.1,4.9,4.73,4.6,3.61,2.61
RCE,1980,2.71,3.6,5.16,7.27,7.46,6.33,4.92,4.47,4.34,4.36,3.62,2.77
RCE,1981,2.65,3.7,5.17,6.89,7.35,6.83,5.09,4.7,4.5,4.7,3.38,2.69
RCE,1982,2.78,3.41,4.98,6.79,7.43,6.68,5.79,4.56,4.87,4.43,3.51,2.71
RCE,1983,2.61,3.51,5.2,6.55,7.36,6.95,5.72,4.82,4.43,4.45,3.5,2.76
RCE,1984,2.77,3.46,5.51,6.98,8.08,6.57,5.23,4.64,4.52,4.7,3.41,2.67
RCE,1985,2.67,3.78,5.52,7.07,7.88,6.98,5.04,4.56,4.31,4.47,3.58,2.81
RCE,1986,2.72,3.6,5.3,6.97,7.51,7.13,5.37,4.65,4.63,4.4,3.56,2.68
RCE,1987,2.82,3.69,5.34,6.95,7.57,7.32,5.4,4.68,4.74,4.45,3.64,2.69
RCE,1988,2.86,3.65,5.27,7.14,7.97,6.82,5.01,4.45,4.51,4.55,3.51,2.76
RCE,1989,2.63,3.42,5.17,6.96,7.8,6.54,5.48,4.39,4.43,4.5,3.48,2.63
RCE,1990,2.84,3.52,5.05,6.94,7.47,6.83,5.06,4.56,4.27,4.43,3.57,2.6
RCE,1991,2.72,3.73,5.3,6.94,7.95,6.91,5.55,4.57,4.57,4.45,3.42,2.71
RCE,1992,2.8,3.44,5.36,7.07,7.61,6.95,5.35,4.63,4.55,4.47,3.53,2.68
RCE,1993,2.78,3.69,5.03,6.85,7.71,6.82,5.41,4.69,4.47,4.53,3.57,2.75
RCE,1994,2.86,3.56,5.47,6.87,7.93,6.94,5.3,4.59,4.57,4.46,3.51,2.76
RCE,1995,2.69,3.62,5.25,7.08,8.11,7.09,5.4,4.6,4.44,4.58,3.5,2.8
RCE,1996,2.77,3.62,5.3,6.98,7.86,6.89,5.32,4.44,4.52,4.46,3.51,2.67
RCE,1997,2.71,3.51,5.27,6.84,7.59,6.95,5.45,4.63,4.52,4.33,3.48,2.7
RCE,1998,2.54,3.68,5.1,6.94,7.89,7.03,5.24,4.57,4.46,4.63,3.68,2.83
RCE,1999,2.69,3.79,5.47,7.35,7.78,6.8,5.37,4.58,4.54,4.6,3.73,2.68
RCE,2000,2.8,3.62,5.26,7.22,7.72,6.66,5.35,4.69,4.5,4.62,3.74,2.79
RCE,2001,2.73,3.64,5.32,6.85,7.69,6.66,5.31,4.7,4.48,4.56,3.69,2.77
RCE,2002,2.81,3.48,5.45,7.09,8,6.95,5.63,4.67,4.51,4.57,3.55,2.71
PET,1901,4.7,5.54,6.92,8.44,8.85,7.91,6.38,5.55,5.83,6.54,5.96,4.92
PET,1902,4.81,5.66,7.11,8.54,8.93,7.91,6.25,5.5,5.84,6.51,5.87,4.86
PET,1903,4.77,5.57,6.89,8.41,8.91,7.87,6.33,5.54,5.89,6.53,5.88,4.86
PET,1904,4.76,5.66,6.96,8.52,8.93,7.86,6.21,5.44,5.81,6.53,5.85,4.95
PET,1905,4.75,5.33,6.76,8.24,8.78,7.91,6.3,5.48,5.83,6.51,5.93,4.92
PET,1906,4.74,5.53,6.84,8.41,8.99,7.91,6.25,5.47,5.84,6.51,5.96,4.95
PET,1907,4.93,5.63,6.83,8.32,8.81,7.75,6.35,5.54,5.84,6.59,5.98,4.9
PET,1908,4.69,5.62,6.94,8.55,8.98,7.95,6.28,5.47,5.84,6.55,5.9,4.83
PET,1909,4.9,5.53,7.06,8.42,8.97,7.75,6.12,5.46,5.83,6.52,5.92,4.95
PET,1910,4.74,5.6,7.01,8.49,8.97,7.81,6.21,5.46,5.86,6.52,5.85,4.8
PET,1911,4.85,5.7,6.85,8.36,8.99,7.82,6.26,5.56,5.82,6.54,5.85,4.82
PET,1912,4.73,5.71,6.99,8.43,8.88,7.9,6.26,5.5,5.82,6.53,5.85,4.83
PET,1913,4.74,5.65,6.82,8.5,8.97,7.67,6.16,5.51,5.86,6.6,5.9,4.82
PET,1914,4.82,5.72,6.94,8.44,8.88,7.86,6.21,5.46,5.86,6.47,5.91,4.91
PET,1915,4.82,5.58,6.89,8.39,8.98,7.91,6.26,5.53,5.8,6.55,5.97,4.94
PET,1916,4.77,5.55,7.07,8.56,9.06,7.75,6.16,5.47,5.81,6.54,5.9,4.8
PET,1917,4.72,5.62,6.98,8.39,8.72,7.67,6.17,5.5,5.82,6.53,5.83,4.9
PET,1918,4.67,5.62,7.07,8.4,8.99,7.72,6.25,5.54,5.87,6.57,5.93,4.84
PET,1919,4.75,5.51,6.98,8.43,8.85,7.86,6.21,5.5,5.85,6.52,5.91,4.87
PET,1920,4.78,5.58,6.92,8.52,8.82,7.81,6.19,5.45,5.83,6.57,5.96,4.97
PET,1921,4.78,5.6,7.08,8.56,9.08,7.91,6.32,5.5,5.82,6.5,5.82,4.98
PET,1922,4.73,5.66,7.07,8.47,9.02,7.89,6.21,5.44,5.82,6.46,5.9,4.86
PET,1923,4.76,5.55,6.96,8.51,8.92,7.97,6.29,5.46,5.85,6.5,5.89,4.96
PET,1924,4.72,5.57,7.06,8.6,8.84,7.94,6.27,5.46,5.8,6.54,5.9,4.95
PET,1925,4.67,5.52,6.94,8.52,8.97,7.8,6.12,5.5,5.83,6.54,5.89,4.89
PET,1926,4.7,5.71,7,8.28,8.72,7.86,6.34,5.54,5.84,6.53,5.79,4.86
PET,1927,4.69,5.55,6.88,8.44,8.87,7.85,6.25,5.46,5.84,6.56,5.84,4.96
PET,1928,4.75,5.62,7.04,8.41,8.97,7.86,6.16,5.5,5.88,6.61,5.96,4.95
PET,1929,4.77,5.52,7.02,8.5,9.01,7.91,6.25,5.44,5.85,6.53,5.89,4.89
PET,1930,4.7,5.53,7.05,8.47,8.92,7.86,6.21,5.46,5.81,6.55,5.91,4.84
PET,1931,4.94,5.51,6.97,8.64,8.97,8.05,6.32,5.55,5.88,6.47,5.99,4.98
PET,1932,4.99,5.71,7.09,8.66,8.89,7.96,6.35,5.36,5.93,6.72,6.13,4.97
PET,1933,4.7,5.69,7.28,8.47,8.74,7.75,6.2,5.44,5.81,6.56,6.02,5.02
PET,1934,4.76,5.79,7.05,8.61,9.07,7.91,6.25,5.42,5.96,6.68,5.9,4.95
PET,1935,4.67,5.53,7.17,8.29,8.97,8.17,6.33,5.49,5.9,6.63,6,4.96
PET,1936,4.81,5.58,7.08,8.5,9.04,7.75,6.14,5.47,5.84,6.51,5.96,4.92
PET,1937,4.8,5.54,7.06,8.44,8.92,7.87,6.27,5.51,5.88,6.56,5.98,4.91
PET,1938,4.75,5.45,7.07,8.71,9.07,7.72,6.19,5.5,5.94,6.71,5.88,4.99
PET,1939,4.9,5.66,6.94,8.47,9.13,7.85,6.25,5.54,5.84,6.6,6.09,5.01
PET,1940,4.77,5.55,6.85,8.44,8.97,7.92,6.26,5.45,5.91,6.68,6.07,4.99
PET,1941,4.72,5.73,7.15,8.77,9.07,7.75,6.25,5.56,5.86,6.64,6.08,5.06
PET,1942,4.73,5.64,7.14,8.61,8.99,8.02,6.25,5.5,5.82,6.6,6.07,4.92
PET,1943,4.76,5.78,7.2,8.46,8.99,7.98,6.3,5.48,5.88,6.67,6.18,5.1
PET,1944,4.72,5.55,7,8.34,9.07,8.03,6.22,5.48,5.93,6.67,6.06,5.19
PET,1945,4.7,5.71,7.15,8.41,8.94,7.95,6.27,5.57,5.85,6.5,6.11,4.92
PET,1946,4.9,5.96,7.23,8.61,8.94,7.81,6.15,5.4,5.96,6.56,6.06,5.09
PET,1947,4.8,5.78,7.21,8.71,9.07,8.01,6.35,5.5,5.87,6.6,6.05,5
PET,1948,4.86,5.64,6.93,8.59,9.05,8.03,6.27,5.48,5.89,6.58,5.98,4.82
PET,1949,4.9,5.75,7.06,8.46,8.86,7.93,6.38,5.5,5.89,6.73,6.1,4.92
PET,1950,4.82,5.73,7.02,8.56,9.1,7.85,6.19,5.5,5.78,6.54,6.08,5.1
PET,1951,4.9,5.84,7.08,8.45,8.96,7.87,6.38,5.54,5.86,6.69,6.05,4.96
PET,1952,4.85,5.8,6.81,8.42,9.2,7.87,6.17,5.38,5.83,6.87,6.3,5.06
PET,1953,4.49,5.77,7.25,8.63,8.94,7.8,6.08,5.32,5.78,6.68,6,5.06
PET,1954,4.58,5.36,7.07,8.61,8.96,7.73,6.19,5.12,5.63,6.56,6.08,4.93
PET,1955,4.63,5.78,7.22,8.58,8.97,7.77,6,5.41,5.72,6.17,5.84,4.9
PET,1956,4.6,5.8,6.89,8.5,9.02,7.49,6.39,5.52,5.6,6.11,5.83,4.88
PET,1957,4.5,5.58,6.81,8.39,9.06,7.98,6.06,5.36,6,6.67,6.16,4.91
PET,1958,4.73,5.66,7.09,8.56,9,8.09,6.35,5.33,5.66,6.35,5.91,4.87
PET,1959,4.53,5.54,7.21,8.48,8.92,8.12,6.2,5.37,5.88,6.18,5.97,5.15
PET,1960,4.79,6.15,6.91,8.45,9.12,8.13,6.17,5.34,5.72,6.45,5.97,5.01
PET,1961,4.67,5.27,6.81,8.53,8.74,7.97,6.03,5.25,5.52,6.05,5.6,4.63
PET,1962,4.64,5.32,6.89,8.43,8.79,7.79,6.34,5.46,5.53,6.45,5.86,4.86
PET,1963,5.06,6.11,7,8.2,8.77,7.76,6.21,5.28,5.7,6.41,5.67,5.21
PET,1964,4.86,5.6,7.28,8.43,8.82,8.04,5.93,5.28,5.46,6.82,6.05,4.8
PET,1965,5.03,5.77,7.01,8.13,8.53,8.2,6.27,5.7,6.08,6.44,6.01,5.28
PET,1966,5.03,6.05,7.23,8.54,9.35,7.9,6.58,5.41,5.98,6.88,6.05,5.09
PET,1967,4.97,6.21,6.85,8.4,8.99,8.11,6.41,5.1,5.94,6.73,5.93,4.67
PET,1968,4.52,5.54,7.14,8.51,9.07,7.53,6.2,5.47,6.43,6.51,6.1,5.02
PET,1969,4.92,5.78,7.7,8.57,8.84,8.06,6.31,5.43,5.52,6.56,6.07,5.21
PET,1970,4.77,5.52,6.77,8.82,9.04,7.78,6.49,5.58,5.69,6.61,6.02,5.26
PET,1971,4.78,5.77,7.04,8.38,8.62,7.22,5.82,5.53,6.15,6.41,5.85,5.2
PET,1972,4.92,5.42,7.33,8.62,9.33,8.57,7.04,5.75,5.86,6.29,5.78,4.94
PET,1973,4.59,5.75,7.07,9.15,9.09,8.17,6.59,5.82,5.99,6.47,6.02,4.92
PET,1974,4.85,5.64,7.04,8.77,9.72,8.12,6.26,5.95,6.49,6.7,6.21,4.88
PET,1975,4.69,5.55,6.7,8.51,9.29,7.97,6.27,5.65,5.31,6.48,5.83,5.05
PET,1976,4.78,5.6,7,8.5,8.99,7.64,6.17,5.26,5.84,6.84,6.11,5.11
PET,1977,4.64,5.87,7.52,8.32,8.68,7.41,5.98,5.31,5.68,6.46,6.02,4.86
PET,1978,4.72,5.31,6.69,8.45,9.24,7.82,5.92,5.22,5.29,6.37,5.71,4.87
PET,1979,4.69,5.3,6.69,8.41,9.16,7.99,5.99,5.79,6.15,6.66,5.8,4.79
PET,1980,4.69,5.63,6.81,8.76,8.76,7.43,5.85,5.36,5.57,6.34,6.08,5
PET,1981,4.52,5.76,6.87,8.49,8.6,7.85,6.01,5.56,5.83,6.9,5.8,4.92
PET,1982,4.73,5.46,6.76,8.33,8.72,7.67,6.57,5.47,6.27,6.38,5.92,4.96
PET,1983,4.63,5.52,6.93,8.22,8.57,7.78,6.66,5.75,5.64,6.44,6.01,5.01
PET,1984,4.83,5.53,7.19,8.38,9.15,7.64,6.08,5.56,5.8,6.74,5.92,4.86
PET,1985,4.63,5.97,7.11,8.54,8.97,7.87,6,5.37,5.6,6.48,5.95,5.03
PET,1986,4.77,5.7,7.01,8.49,8.85,8.05,6.32,5.49,5.96,6.43,5.95,4.96
PET,1987,4.88,5.71,7.05,8.44,8.79,8,6.21,5.44,6.01,6.43,6.16,4.87
PET,1988,4.82,5.73,6.94,8.49,9.06,7.82,5.83,5.21,5.65,6.63,5.93,5
PET,1989,4.66,5.34,6.85,8.5,8.94,7.56,6.42,5.31,5.59,6.45,5.87,4.77
PET,1990,4.82,5.54,6.81,8.37,8.61,7.68,5.96,5.34,5.39,6.36,6,4.79
PET,1991,4.72,5.71,7.07,8.44,8.98,7.83,6.31,5.5,5.83,6.52,5.86,4.94
PET,1992,4.85,5.56,6.99,8.55,8.92,7.83,6.23,5.48,5.83,6.5,5.96,4.93
PET,1993,4.77,5.76,6.91,8.4,8.91,7.79,6.21,5.55,5.81,6.47,5.96,4.98
PET,1994,4.87,5.62,7.09,8.44,8.94,7.91,6.21,5.45,5.83,6.5,5.91,5.01
PET,1995,4.72,5.65,6.96,8.43,8.99,7.98,6.31,5.48,5.64,6.48,5.85,4.96
PET,1996,5,5.72,6.59,8.61,8.91,7.96,6.28,5.29,5.87,6.48,6.14,4.98
PET,1997,4.8,5.7,6.94,8.49,8.86,8.07,6.32,5.77,5.85,6.42,5.88,4.68
PET,1998,4.58,5.74,7.05,8.09,8.95,8.08,6.21,5.3,5.62,6.48,6.02,5.04
PET,1999,4.73,5.73,7.2,8.82,8.97,7.98,6.22,5.52,5.61,6.24,5.82,4.99
PET,2000,4.89,5.68,7.09,8.64,9.05,7.77,6.18,5.61,5.86,6.53,6.09,5.28
PET,2001,4.81,5.73,7.07,8.5,8.9,7.78,6.08,5.65,5.9,6.23,6.1,4.96
PET,2002,4.88,5.55,7.14,8.51,8.97,7.99,6.49,5.52,5.84,6.52,6.03,4.68