Characteristics,Year,Jan,Feb,Mar,Apr,May,Jun,Jul,Aug,Sep,Oct,Nov,Dec
Rainfall,1901,34.222,53.43,1.483,40.367,107.505,178.82,290.972,359.337,459.2,51.651,59.001,0
Rainfall,1902,0.519,0.504,40.96,151.705,155.786,127.762,349.641,357.639,224.379,67.108,1.113,20.664
Rainfall,1903,5.612,19.712,22.265,47.405,36.772,230.535,142.759,278.238,343.642,205.557,0.434,0.006
Rainfall,1904,0,60.854,76.764,8.199,207.926,279.405,452.716,289.547,143.034,28.224,4.115,0.018
Rainfall,1905,23.818,50.178,100.246,121.515,176.452,41.618,538.219,207.09,302.95,110.552,0.004,0
Rainfall,1906,44.629,120.228,61.671,0.899,71.773,167.739,293.245,226.196,212.047,150.226,7.204,0.004
Rainfall,1907,0,12.279,113.182,44.242,97.012,391.098,188.335,270.19,135.533,27.119,0.006,16.735
Rainfall,1908,21.444,10.655,2.075,4.9,81.228,556.569,527.5,383.658,195.887,54.798,0.811,0
Rainfall,1909,3.057,5.218,0.398,161.116,78.627,483.827,229.082,415.363,242.213,86.225,4.04,20.737
Rainfall,1910,36.326,20.963,23.902,37.192,84.708,164.335,260.395,313.708,324.042,165.751,1.878,0
Rainfall,1911,0.401,1.306,57.988,47.609,57.464,338,124.589,243.315,209.065,103.261,13.724,0
Rainfall,1912,0,19.147,107.261,67.375,90.535,220.209,270.39,301.014,122.486,100.891,68.487,0
Rainfall,1913,1.306,86.289,34.134,35.422,158.596,677.748,311.329,368.585,158.113,161.416,11.23,7.975
Rainfall,1914,0,34.854,15.811,86.007,155.456,202.36,387.497,278.807,180.968,12.171,0.004,37.575
Rainfall,1915,9.424,14.373,112.54,38.18,103.252,248.275,241.268,416.959,274.087,96.67,49.998,0
Rainfall,1916,0,1.779,0.793,45.854,66.419,411.079,193.81,488.266,444.92,375.483,21.859,0
Rainfall,1917,0.394,39.04,38.382,49.968,156.013,259.733,281.878,375.285,227.845,305.945,8.193,0
Rainfall,1918,0.493,0.3,23.47,116.946,145.661,355.7,163.063,334.483,242.501,8.328,0.81,15.162
Rainfall,1919,16.685,34.05,18.328,98.268,85.436,290.509,275.554,609.906,88.744,37.252,39.68,0
Rainfall,1920,0,41.753,172.459,2.285,50.673,120.276,364.11,479.56,259.282,128.793,0.405,0
Rainfall,1921,53.118,11.904,20.18,69.121,52.802,309.973,232.518,463.155,168.944,11.125,0.004,0
Rainfall,1922,5.5,1.494,0.5,29.975,43.103,520.921,330.897,474.453,533.329,60.562,0.632,1.775
Rainfall,1923,0.4,101.598,29.629,19.794,19.272,130.343,359.216,451.232,146.925,131.424,14.401,6.257
Rainfall,1924,6.931,18.788,0.398,14.904,21.8,207.271,256.553,402.368,262.743,90.515,43.552,0
Rainfall,1925,26.495,8.857,13.903,89.966,85.864,216.509,409.847,241.546,201.15,197.962,7.449,0.079
Rainfall,1926,18.655,18.723,131.701,40.133,90.754,131.128,554.594,545.487,175.376,99.592,0.3,22.373
Rainfall,1927,11.664,53.665,17.713,48.703,89.076,266.693,211.755,217.5,174.688,74.442,9.093,0
Rainfall,1928,14.164,1,3.695,80.111,129.724,428.864,494.545,407.338,231.959,92.924,0.012,0.394
Rainfall,1929,31.877,16.349,68.665,52.742,33.1,158.974,270.04,297.278,253.583,316.138,0.004,11.025
Rainfall,1930,0,21.597,12.38,7.143,82.759,196.634,448.042,377.538,188.787,34.011,51.919,1.874
Rainfall,1931,4.762,87.688,39.721,25.347,132.776,143.69,330.399,244.329,345.51,148.68,14.159,0.62
Rainfall,1932,0,19.14,18.388,28.959,207.9,148.206,253.985,250.713,268.364,92.51,68.056,1.282
Rainfall,1933,27.246,63.805,2.218,86.043,136.267,351.546,373.776,409.648,259.115,232.008,0.011,0
Rainfall,1934,1.676,10.795,4.397,54.184,46.582,186.856,210.804,386.626,322.385,130.766,19.144,9.738
Rainfall,1935,14.987,33.196,26.976,58.853,9.2,112.851,164.297,367.268,201.723,21.4,0.004,6.525
Rainfall,1936,10.616,27.753,15.93,6.914,179.532,352.924,254.132,181.394,516.25,131.888,0.033,42.016
Rainfall,1937,0,69.262,11.404,18.079,99.512,370.777,246.721,389.831,343.576,204.487,3.03,2.815
Rainfall,1938,9.43,32.446,14.582,1.191,259.167,232.741,146.111,269.559,70.65,93.815,2.229,0
Rainfall,1939,3.492,37.985,4.326,39.567,49.286,318.347,361.159,550.594,293.85,231.18,7.077,1.012
Rainfall,1940,0,14.341,177.227,4.26,117.027,176.902,244.162,339.645,353.497,88.755,0.007,0.898
Rainfall,1941,34.415,0.3,4.05,24.668,55.299,437.961,349.595,635.45,217.518,262.901,71.702,0
Rainfall,1942,0.405,21.677,7.428,40.981,14.582,82.871,350.643,372.754,480.791,172.988,6.304,0
Rainfall,1943,63.286,34.485,18.657,143.678,36.37,210.079,431.491,405.824,191.423,70.115,0.019,0
Rainfall,1944,46.724,25.18,59.256,36.319,54.918,205.233,276.311,554.306,151.527,98.954,0.007,0
Rainfall,1945,27.585,16.007,14.589,101.286,78.911,186.956,174.548,204.997,293.44,283.722,0.004,0.452
Rainfall,1946,0,13.308,14.22,44.973,114.53,201.316,207.96,290.1,476.972,218.228,37.821,0
Rainfall,1947,6.152,16.765,40.302,11.596,101.802,212.747,359.339,399.58,372.235,86.657,0.004,31.904
Rainfall,1948,18.663,39.413,123.216,32.202,73.647,273.411,264.311,387.487,174.105,173.753,76.208,0
Rainfall,1949,1.303,4.56,37.238,146.16,191.731,234.563,325.69,250.608,320.708,97.792,0.004,0
Rainfall,1950,0,6.528,21.566,51.59,70.547,367.034,271.367,234.007,225.126,151.253,90.582,0.493
Rainfall,1951,1.282,0.3,112.255,35.24,55.708,221.152,312.487,358.444,336.744,97.443,42.214,0.011
Rainfall,1952,0.003,3.572,45.866,139.761,59.017,219.022,361.34,300.083,212.815,152.764,7.077,0.197
Rainfall,1953,27.655,20.251,9.866,3.885,42.304,267.323,158.814,321.193,335.896,67.158,10.079,0
Rainfall,1954,17.696,26.746,0.398,9.202,136.464,244.292,138.847,262.086,249.744,95.551,0.004,24.531
Rainfall,1955,7.495,2.371,12.164,18.241,18.909,193.769,215.367,276.683,191.259,350.599,66.305,0
Rainfall,1956,6.581,30.714,49.429,23.808,58.399,443.273,260.423,282.534,391,193.927,8.217,1.381
Rainfall,1957,62.975,23.488,10.083,38.904,10.204,139.632,343.485,240.677,254.708,124.239,0.004,0
Rainfall,1958,10.733,77.006,11.03,35.47,41.164,97.845,318.016,241.331,281.358,97.657,18.56,0
Rainfall,1959,19.169,14.242,12.566,79.418,80.142,289.871,170.418,279.262,487.472,352.552,0.004,2.451
Rainfall,1960,0.197,0.3,52.669,1.881,74.895,83.443,492.359,380.249,329.252,106.416,4.04,0.018
Rainfall,1961,37.01,54.281,5,4.6,98.93,230.862,109.519,446.702,332.984,127.469,0.3,1.381
Rainfall,1962,15.488,16.473,3.085,40.242,61.126,223.162,229.771,221.965,224.322,164.919,0.004,0.789
Rainfall,1963,0.197,0.892,25.681,82.583,102.226,272.132,262.992,226.863,378.2,172.658,5.806,0
Rainfall,1964,0,9.341,32.471,81.617,105.753,108.722,520.851,314.016,203.853,92.492,23.766,0
Rainfall,1965,1.113,35.93,28.977,60.319,40.193,245.738,312.776,424.426,339.071,108.704,0.694,2.029
Rainfall,1966,31.932,2.125,6.001,8.785,15.892,328.053,116.155,292.204,207.337,74.16,32.644,19.288
Rainfall,1967,12.057,0.3,57.801,57.066,52.257,115.636,202.626,405.714,298.238,98.158,0.004,5.018
Rainfall,1968,5.828,34.667,32.386,21.18,13.724,516.165,425.538,596.297,120.397,128.211,34.374,0.986
Rainfall,1969,22.244,1.483,43.838,134.724,56.857,118.777,271.297,451.655,328.061,96.65,14.339,0.004
Rainfall,1970,8.26,8.874,82.776,25.815,36.429,434.935,253.247,293.936,495.841,221.792,21.51,0
Rainfall,1971,50.88,49.954,1.818,208.61,130.513,342.046,482.627,528.906,263.472,214.277,16.65,0
Rainfall,1972,1.578,78.135,1.296,12.979,12.888,74.522,251.876,551.35,239.536,115.885,2.687,0.197
Rainfall,1973,0.792,23.608,71.378,26.498,216.789,229.059,203.164,369.204,380.638,204.693,37.625,77.421
Rainfall,1974,2.001,0.3,159.862,14.998,104.348,116.244,331.92,358.089,316.248,283.614,1.231,0.197
Rainfall,1975,9.397,36.592,6.232,12.979,70.818,185.172,284.143,332.716,229.34,212.389,34.414,0.011
Rainfall,1976,0,62.673,16.507,53.515,140.913,111.474,395.896,361.337,252.942,14.451,3.745,0
Rainfall,1977,5.901,51.531,0.398,52.318,135.596,421.62,450.504,336.754,238.611,82.043,26.799,68.001
Rainfall,1978,0.197,24.102,70.73,69.488,135.066,219.672,380.334,338.15,892.145,155.684,33.671,7.455
Rainfall,1979,36.171,14.414,14.296,65.818,38.866,147.292,345.131,278.43,186.204,73.643,3.16,74.131
Rainfall,1980,29.074,67.467,114.785,3.502,89.79,339.391,301.029,372.125,127.903,134.019,0.793,0.281
Rainfall,1981,19.125,50.893,88.37,142.879,180,147.61,394.826,256.927,306.393,1.329,1.089,16.058
Rainfall,1982,1.479,21.882,50.741,136.59,22.203,119.977,167.065,489.032,127.931,9.4,15.865,0.394
Rainfall,1983,3.189,53.206,82.25,43.29,129.234,228.175,263.019,345.437,143.618,198.322,0.811,4.835
Rainfall,1984,37.254,4.569,0.99,74.274,66.396,796.939,329.539,467.385,147.98,97.353,0.008,0.01
Rainfall,1985,8.315,7.088,0.398,48.07,50.147,215.239,439.53,273.083,202.47,137.774,0.212,2.863
Rainfall,1986,17.643,6.185,1.303,49.731,107.763,215.447,413.34,167.227,806.846,116.928,82.454,2.714
Rainfall,1987,0.304,7.039,14.091,100.56,77.891,193.863,392.414,518.815,212.21,103.869,36.001,7.64
Rainfall,1988,1.085,28.953,19.976,31.319,75.844,479.349,293.966,435.931,239.969,132.202,58.189,0.723
Rainfall,1989,1.69,18.194,2.758,3.702,111.17,207.692,268.641,236.155,309.79,256.655,2.075,5.663
Rainfall,1990,0,38.14,73.073,40.096,249.74,267.619,748.021,184.112,366.262,176.128,23.572,2.447
Rainfall,1991,20.373,11.793,56.572,7.546,52.343,273.868,302.251,498.258,323.371,160.404,7.798,46.719
Rainfall,1992,16.419,13.301,0.398,9.571,75.248,353.084,405.696,190.763,215.792,70.053,0.072,0
Rainfall,1993,0.697,1,86.026,128.08,114.235,447.959,392.834,416.476,443.587,185.941,18.589,0
Rainfall,1994,7.751,61.786,84.212,69.617,113.734,209.416,355.238,377.28,168.327,200.7,4.772,0
Rainfall,1995,18.047,31.073,19.739,25.202,92.586,121.911,329.59,282.819,574.066,188.716,37.393,0
Rainfall,1996,4.484,19.176,10.988,58.1,30.569,344.652,180.838,552.669,161.155,184.51,0.006,0.018
Rainfall,1997,34.453,20.801,57.267,105.101,93.509,79.302,488.509,436.884,397.659,79.401,9.91,23.598
Rainfall,1998,32.693,85.995,39.563,55.864,56.262,250.808,254.05,231.635,299.1,376.012,47.343,0
Rainfall,1999,1.479,1.187,0.398,0.599,170.579,245.429,290.917,530.623,698.467,101.32,26.18,0.003
Rainfall,2000,1.79,62.537,0.694,100.817,176.787,243.795,213.877,282.749,196.186,61.61,16.282,3.316
Rainfall,2001,0.197,6.595,68.967,35.255,146.78,338.488,191.335,259.304,135.212,202.163,21.756,0.006
Rainfall,2002,29.043,16.619,2.864,90.962,68.279,291.769,326.002,432.436,300.804,84.353,15.716,0
Min Temp,1901,13.215,16.911,21.911,26.504,26.707,27.505,26.6,26.203,25.804,24.308,18.211,14.015
Min Temp,1902,14.614,16.911,23.009,24.306,25.805,26.903,25.902,26.603,26.205,23.809,18.014,14.016
Min Temp,1903,14.515,16.513,22.011,26.106,28.006,27.005,26.9,25.906,25.603,23.707,17.814,13.117
Min Temp,1904,13.713,16.711,22.208,26.101,25.807,26.205,25.801,26.303,25.903,23.51,18.014,14.515
Min Temp,1905,13.514,14.913,20.012,23.207,25.31,28.604,25.902,26.305,25.606,23.807,18.212,14.016
Min Temp,1906,13.614,16.612,20.011,26.305,27.507,27.203,26.601,26.104,25.803,23.51,18.314,14.518
Min Temp,1907,14.812,16.814,20.012,23.806,26.005,26.202,25.906,25.903,25.904,24.007,18.314,13.617
Min Temp,1908,12.714,17.212,22.208,27.401,26.501,26.501,25.8,25.803,25.603,23.705,17.513,13.117
Min Temp,1909,15.614,17.011,23.009,23.504,26.502,25.405,25.801,25.406,25.603,23.507,18.81,14.117
Min Temp,1910,13.615,16.511,21.709,25.301,26.507,26.004,26.099,25.903,25.603,23.307,17.513,13.015
Min Temp,1911,15.614,16.312,21.21,25.003,26.6,25.803,26.402,25.903,25.504,23.508,18.512,12.817
Min Temp,1912,14.414,17.911,22.011,24.106,26.108,26.703,26.1,25.903,26.002,23.507,17.513,13.414
Min Temp,1913,13.712,16.811,20.511,26.101,25.606,24.606,26.099,25.604,25.803,23.007,17.212,13.516
Min Temp,1914,13.913,17.912,21.71,23.605,25.504,25.904,25.801,25.903,25.503,23.21,18.313,14.314
Min Temp,1915,14.213,17.011,20.911,25.504,26.304,26.205,26.6,26.404,25.403,24.806,19.81,14.014
Min Temp,1916,13.512,17.011,22.907,25.604,27.901,25.405,25.906,25.702,25.7,23.907,18.313,13.515
Min Temp,1917,13.312,16.711,21.008,25.107,25.106,25.702,26.002,25.604,25.202,23.707,18.014,13.515
Min Temp,1918,12.512,16.711,22.407,24.205,25.405,24.603,26.899,25.704,26.103,23.908,18.514,13.514
Min Temp,1919,14.713,16.312,22.509,25.005,26.501,25.803,26.1,25.902,25.503,23.707,18.313,13.615
Min Temp,1920,14.213,16.912,21.411,25.003,26.505,28,25.903,25.903,25.603,23.905,18.313,13.615
Min Temp,1921,14.213,16.711,22.807,25.102,27.904,26.4,26.296,25.503,25.501,22.707,17.511,14.513
Min Temp,1922,14.213,17.21,22.908,26.001,27.103,25.204,26.099,25.702,25.102,22.708,18.011,14.014
Min Temp,1923,13.611,16.609,21.005,25.301,27.104,27.703,25.9,25.403,25.902,23.009,18.209,14.312
Min Temp,1924,14.111,17.011,23.105,26.603,27.403,28.301,25.902,25.803,24.903,23.707,17.811,13.514
Min Temp,1925,12.712,15.811,21.512,24.505,26.308,26.303,25.402,25.903,25.403,22.806,17.813,13.511
Min Temp,1926,13.111,17.21,20.409,24.204,26.501,28.3,25.902,25.501,25.303,23.206,16.813,14.115
Min Temp,1927,13.914,16.311,20.212,25.702,25.81,27.002,26.099,25.701,25.602,23.806,18.211,14.312
Min Temp,1928,14.413,17.311,22.809,24.803,26.104,25.503,25.801,26.1,26.203,24.007,18.514,14.515
Min Temp,1929,14.615,16.011,21.809,25.107,27.506,27.196,25.501,25.803,25.603,23.009,17.813,13.516
Min Temp,1930,13.114,16.511,22.21,25.504,26.603,26.899,25.799,25.803,25.903,24.207,17.711,13.314
Min Temp,1931,15.812,17.514,21.812,26.304,26.505,28.103,26.1,27,26.203,24.208,18.413,15.117
Min Temp,1932,15.414,16.911,22.507,25.106,26.805,27.001,26.202,26.301,26.103,24.508,19.014,15.114
Min Temp,1933,13.014,17.71,21.311,24.307,26.002,26.603,25.8,26.101,25.602,23.51,18.214,14.414
Min Temp,1934,13.713,16.814,21.812,25.606,27.006,26.603,26.301,26.202,25.903,23.708,18.11,15.013
Min Temp,1935,13.613,17.612,22.007,24.405,28.404,27.801,26.6,26.103,25.903,23.708,18.014,14.019
Min Temp,1936,13.917,16.912,22.809,26.203,25.907,25.505,26.5,26.702,25.803,23.707,19.014,15.015
Min Temp,1937,12.512,16.411,20.811,24.504,26.406,26.603,26.301,25.903,25.902,23.408,18.113,13.916
Min Temp,1938,15.611,15.512,24.308,26.1,25.708,26.203,26.3,26.203,26.6,24.405,18.313,13.815
Min Temp,1939,15.011,18.31,21.611,26.406,27.305,26.998,25.7,25.405,25.603,24.207,18.711,15.114
Min Temp,1940,13.511,17.21,21.41,25.304,26.404,26.797,26.2,26.202,25.701,24.306,20.512,14.815
Min Temp,1941,14.814,17.313,23.909,26.604,27.804,26.303,26.501,26.501,26.402,23.807,18.511,16.114
Min Temp,1942,14.213,17.01,23.21,25.405,28.706,28.401,25.902,25.8,25.303,23.809,19.81,14.815
Min Temp,1943,16.111,15.611,22.41,23.807,26.705,26.304,25.8,25.701,25.603,24.205,18.313,15.611
Min Temp,1944,15.213,17.108,21.009,23.606,27.8,28.202,26.301,26.202,26.303,23.606,18.012,15.414
Min Temp,1945,13.113,16.214,22.609,24.306,26.207,27.505,26.501,26.502,26.3,22.907,18.01,13.314
Min Temp,1946,13.709,18.61,21.309,23.108,26.005,26.903,26.3,26.301,25.402,23.006,19.012,15.016
Min Temp,1947,14.913,17.208,22.308,27.204,27.706,27.601,26.8,25.903,26.203,23.708,18.613,14.815
Min Temp,1948,15.41,17.81,20.812,25.201,26.808,26.804,25.902,26.007,25.902,23.608,19.814,13.918
Min Temp,1949,14.913,16.813,22.309,23.909,25.211,26.303,25,26.3,25.602,24.505,16.511,12.617
Min Temp,1950,13.911,16.513,21.009,25.204,26.608,26.804,25.801,25.603,25.796,23.408,17.913,14.805
Min Temp,1951,14.608,16.909,21.809,25.604,27.797,26.803,25.503,26.6,26.304,25.207,18.712,15.514
Min Temp,1952,15.805,17.809,21.305,24.813,26.507,27.403,25.9,26.202,25.603,24.109,19.413,14.417
Min Temp,1953,15.214,18.913,25.708,26.614,27.206,27.105,26.409,25.8,25.202,24.208,18.313,16.715
Min Temp,1954,13.115,19.011,21.512,27.403,27.203,26.805,26.903,26.501,25.503,22.807,16.313,15.015
Min Temp,1955,12.913,16.013,22.605,24.804,28.504,27.103,26.096,25.5,26.199,23.307,19.011,13.715
Min Temp,1956,14.415,15.41,22.408,26.2,27.404,25.306,26.303,26.004,26.004,24.006,18.014,15.319
Min Temp,1957,15.415,16.412,20.409,25.308,28.703,27.301,26.002,26.2,25.501,23.408,17.215,15.018
Min Temp,1958,15.713,17.81,21.907,26.103,28.502,28.301,26.7,26.202,25.702,24.907,20.014,15.815
Min Temp,1959,15.119,16.611,21.514,26.604,27.505,26.501,26.803,26.101,25.602,24.705,17.714,14.714
Min Temp,1960,13.916,17.61,20.814,27.304,27.908,27.604,26.1,26.702,26.107,23.907,17.714,14.117
Min Temp,1961,15.213,16.017,24.212,26.705,27.207,26.904,25.902,26.305,26.101,22.407,17.513,12.218
Min Temp,1962,12.512,16.608,21.111,25.31,26.304,26.8,26.699,26.004,25.907,23.408,17.815,14.217
Min Temp,1963,12.215,17.513,21.61,24.606,25.307,26.403,26.403,26.4,26.001,24.207,19.111,15.315
Min Temp,1964,15.216,18.512,23.211,25.504,26.205,27.703,25.603,26.101,25.902,24.704,19.315,14.914
Min Temp,1965,14.711,16.81,20.009,25.003,27.203,27.8,25.801,26.1,25.501,23.605,18.116,14.917
Min Temp,1966,14.41,18.011,22.208,25.904,28.204,25.299,25.797,25.904,24.903,22.803,18.813,13.216
Min Temp,1967,15.015,17.815,21.41,23.608,26.606,27.204,26.2,26.202,25.603,23.408,17.017,16.016
Min Temp,1968,13.911,16.415,22.607,24.804,26.903,25.405,26.202,25.301,26.096,22.905,17.514,14.897
Min Temp,1969,13.215,17.926,23.508,25.204,25.505,27.704,26.202,25.503,25.702,23.609,19.312,13.913
Min Temp,1970,14.511,17.313,22.114,25.497,27.603,26.001,25.794,26.298,25.603,23.807,17.814,12.811
Min Temp,1971,14.814,16.711,19.913,23.006,23.504,25.803,24.903,25.004,25.504,24.207,18.211,14.513
Min Temp,1972,12.512,15.115,21.415,25.109,27.214,26.21,25.604,25.007,25.012,23.215,18.718,14.822
Min Temp,1973,15.323,17.617,20.522,25.713,25.907,25.411,25.906,25.409,24.81,23.813,18.716,13.719
Min Temp,1974,12.921,16.011,21.91,24.907,25.514,26.307,25.308,25.91,25.109,24.008,19.417,12.92
Min Temp,1975,13.512,17.408,22.208,25.104,26.407,26.606,25.202,25.202,25.402,25.104,18.304,13.213
Min Temp,1976,13.91,18.308,22.912,24.304,24.906,26.402,26.1,25.8,25.501,24.208,21.411,14.512
Min Temp,1977,13.812,17.21,23.109,24.902,24.408,25.602,26.5,26.202,25.902,23.806,20.71,14.217
Min Temp,1978,13.212,17.01,20.711,23.804,26.305,26.402,25.899,26.2,25.403,24.405,20.511,14.913
Min Temp,1979,15.309,15.811,21.309,25.103,27.607,25.697,27.202,26.4,24.201,24.207,21.808,15.711
Min Temp,1980,14.714,18.012,21.812,26.403,26.005,25.5,25.4,25.2,26.404,23.305,18.212,15.013
Min Temp,1981,14.911,17.912,22.306,24.11,24.609,26.801,24.803,25.301,25.007,23.31,18.215,14.814
Min Temp,1982,14.914,17.912,21.312,24.807,27.304,26.406,27.8,26.303,26.205,24.211,18.514,14.016
Min Temp,1983,14.315,17.412,23.111,25.106,25.807,27.203,26.604,26.399,26.206,24.507,19.311,13.31
Min Temp,1984,14.206,16.013,21.71,25.001,27.305,25.805,26.001,25.9,25.701,23.81,17.01,14.22
Min Temp,1985,15.503,17.01,23.813,26.205,26.004,26.601,25.498,25.799,25.701,23.105,17.408,15.114
Min Temp,1986,13.706,17.506,21.711,24.804,25.109,26.797,25.403,25.702,25.301,22.905,20.207,15.715
Min Temp,1987,14.606,17.407,22.407,24.803,26.296,27.301,26.199,26.6,26.4,23.704,19.708,15.005
Min Temp,1988,14.707,17.809,22.51,25.7,26.904,26.601,26.396,26.403,26.298,24.306,19.312,16.914
Min Temp,1989,13.111,17.705,21.709,26.205,26.907,26.203,26.203,26.1,25.899,24.507,19.11,14.415
Min Temp,1990,15.614,19.01,21.209,25.4,26.004,27.103,26,26.998,26.301,23.408,21.309,15.717
Min Temp,1991,13.414,19.011,23.011,25.307,26.703,26.403,26.902,26.305,26.404,23.705,18.308,14.014
Min Temp,1992,13.614,16.712,22.708,26.203,25.807,26.804,26.296,26.303,25.903,24.008,19.31,14.314
Min Temp,1993,14.612,18.208,21.11,24.106,25.805,26.3,26.4,26.104,25.503,23.905,19.014,15.013
Min Temp,1994,14.811,16.711,22.51,24.704,27.305,26.303,26.402,26.103,25.903,24.008,19.011,14.814
Min Temp,1995,13.312,17.011,22.013,26.005,27.107,26.9,26.301,26.904,26.004,24.109,20.011,15.316
Min Temp,1996,14.911,17.014,23.81,25.107,28.306,25.804,27.302,26.104,26.601,23.408,18.813,14.717
Min Temp,1997,14.213,16.811,23.51,23.803,27.005,27.203,26.305,26.203,25.405,23.608,20.914,16.118
Min Temp,1998,12.814,18.711,21.011,25.906,27.709,28.2,27.002,27.101,26.303,25.706,21.512,16.014
Min Temp,1999,14.612,19.211,22.912,27.104,26.304,26.502,25.903,26.301,26.002,24.306,19.511,17.714
Min Temp,2000,15.612,18.412,23.011,26.004,26.707,26.603,26.797,26.705,25.906,24.006,20.212,14.515
Min Temp,2001,13.811,18.313,22.411,26.607,26.805,26.404,26.502,26.803,26.603,25.406,21.911,15.414
Min Temp,2002,15.013,18.411,23.01,25.304,27.004,26.501,26.699,25.903,25.606,24.007,19.012,15.013
Max Temp,1901,24.996,28.387,33.177,36.967,36.175,35.087,32.688,31.793,31.993,32.092,28.493,25.896
Max Temp,1902,26.395,28.387,34.273,34.769,35.274,34.486,32.088,32.194,32.393,31.493,28.394,25.898
Max Temp,1903,26.296,27.989,33.276,36.569,37.474,34.589,33.086,31.496,31.792,31.392,28.096,24.997
Max Temp,1904,25.494,28.188,33.474,36.564,35.275,33.787,31.889,31.893,32.092,31.293,28.394,26.396
Max Temp,1905,25.294,26.389,31.377,33.67,34.778,36.187,32.088,31.896,31.794,31.492,28.495,25.898
Max Temp,1906,25.395,28.089,31.277,36.768,36.975,34.787,32.689,31.694,31.991,31.293,28.695,26.399
Max Temp,1907,26.593,28.29,31.278,34.268,35.474,33.784,32.092,31.493,32.093,31.691,28.695,25.497
Max Temp,1908,24.494,28.689,33.474,37.864,35.97,34.085,31.888,31.394,31.792,31.391,27.893,24.997
Max Temp,1909,27.395,28.488,34.273,33.967,35.971,32.987,31.889,30.996,31.792,31.191,29.091,25.997
Max Temp,1910,25.396,27.988,32.973,35.764,35.975,33.587,32.187,31.493,31.792,30.992,27.893,24.896
Max Temp,1911,27.395,27.789,32.475,35.466,36.069,33.386,32.588,31.493,31.693,31.292,28.795,24.697
Max Temp,1912,26.195,29.387,33.276,34.568,35.576,34.286,32.188,31.493,32.192,31.191,27.893,25.294
Max Temp,1913,25.493,28.287,31.776,36.564,35.073,32.189,32.187,31.194,31.991,30.691,27.495,25.398
Max Temp,1914,25.693,29.389,32.975,34.068,34.973,33.488,31.889,31.493,31.691,30.894,28.594,26.195
Max Temp,1915,25.993,28.488,32.177,35.967,35.773,33.787,32.688,31.994,31.592,32.49,30.092,25.895
Max Temp,1916,25.293,28.387,34.172,36.067,37.37,32.987,32.092,31.293,31.79,31.394,28.594,25.396
Max Temp,1917,25.093,28.188,32.274,35.47,34.573,33.286,31.989,31.194,31.392,31.392,28.394,25.396
Max Temp,1918,24.293,28.188,33.673,34.668,34.473,32.187,32.986,31.295,31.892,31.593,28.796,25.393
Max Temp,1919,26.493,27.789,33.773,35.468,35.97,33.386,32.188,31.292,31.691,31.392,28.594,25.496
Max Temp,1920,25.993,28.089,32.677,35.466,35.974,35.583,32.089,31.493,31.792,31.591,28.693,25.496
Max Temp,1921,25.993,28.188,34.072,35.564,37.373,33.984,32.285,31.093,31.69,30.391,27.892,26.395
Max Temp,1922,25.994,28.789,34.174,36.165,36.571,32.787,32.187,31.293,31.29,30.094,28.293,25.895
Max Temp,1923,25.592,28.086,32.271,35.764,36.573,35.287,32.086,30.993,32.09,30.792,28.492,26.194
Max Temp,1924,25.892,28.488,34.371,37.066,36.87,35.884,32.088,31.394,31.092,31.392,28.093,25.395
Max Temp,1925,24.493,26.889,32.776,34.968,35.777,33.886,31.588,31.493,31.592,30.49,28.193,25.194
Max Temp,1926,24.892,28.686,31.274,34.667,35.97,35.883,32.088,31.092,31.492,30.691,27.193,25.996
Max Temp,1927,25.694,27.787,31.476,36.165,35.278,34.186,32.187,31.292,31.79,31.49,28.091,26.194
Max Temp,1928,26.194,28.788,34.073,35.266,35.572,33.086,31.889,31.69,32.392,31.691,28.894,26.396
Max Temp,1929,26.396,27.488,33.075,35.569,36.974,34.179,31.687,31.394,31.792,30.693,28.193,25.398
Max Temp,1930,24.895,27.988,33.273,35.967,35.869,34.082,31.887,31.191,31.893,31.793,27.993,25.194
Max Temp,1931,26.895,27.692,32.478,36.165,35.174,35.186,32.188,31.49,31.691,30.393,27.195,25.296
Max Temp,1932,26.593,27.389,33.874,36.267,35.175,33.685,31.588,30.891,31.292,31.493,27.395,25.694
Max Temp,1933,23.995,28.286,33.776,34.671,34.771,33.086,31.888,30.592,31.392,30.693,28.195,25.493
Max Temp,1934,24.694,27.59,33.876,35.668,36.275,33.586,31.687,31.092,31.492,30.793,26.693,25.493
Max Temp,1935,24.693,28.087,33.473,34.968,37.672,35.084,32.187,30.993,31.592,31.394,28.393,25.998
Max Temp,1936,25.597,27.889,34.474,36.266,34.175,32.189,31.788,31.191,31.292,30.593,28.795,25.895
Max Temp,1937,24.793,27.589,32.877,35.868,35.572,33.286,31.687,31.493,31.49,30.793,28.195,24.795
Max Temp,1938,26.392,26.789,34.272,37.664,33.977,32.586,31.887,30.793,31.889,31.29,27.094,24.994
Max Temp,1939,26.491,28.986,33.178,36.768,36.474,33.982,31.788,30.593,31.392,31.093,27.793,25.693
Max Temp,1940,24.892,27.886,30.376,36.167,35.672,34.381,31.686,31.193,31.691,31.591,29.693,25.994
Max Temp,1941,25.794,28.689,34.675,37.166,35.872,33.886,31.788,31.392,31.99,30.492,27.693,26.494
Max Temp,1942,25.593,28.287,33.776,35.167,37.474,35.287,32.088,30.693,30.69,31.191,28.69,25.895
Max Temp,1943,26.192,26.688,32.375,34.269,36.172,33.888,31.888,31.292,31.792,31.891,28.693,26.89
Max Temp,1944,25.494,27.286,32.774,33.768,37.068,35.285,31.687,31.092,31.892,30.492,28.392,26.994
Max Temp,1945,24.793,27.79,33.875,34.17,35.675,34.488,32.287,32.093,31.49,30.592,28.291,25.194
Max Temp,1946,25.891,30.387,34.575,33.071,35.474,33.686,31.588,31.191,31.591,30.69,29.393,26.897
Max Temp,1947,26.693,28.486,33.574,37.666,37.173,35.185,32.888,31.493,31.592,30.893,29.393,25.994
Max Temp,1948,27.59,28.486,32.778,35.964,35.775,34.788,32.088,31.398,32.09,31.592,28.695,24.997
Max Temp,1949,26.293,28.39,33.975,34.072,34.48,34.688,32.988,32.092,31.793,31.896,28.094,26.09
Max Temp,1950,27.592,29.289,33.575,36.968,37.173,34.686,31.889,31.395,31.697,30.194,27.894,25.9
Max Temp,1951,24.694,29.586,33.278,36.566,36.782,34.784,32.487,32.192,32.895,32.191,29.193,27.992
Max Temp,1952,26.195,31.486,32.271,34.774,36.077,34.586,31.691,31.793,32.693,30.693,28.093,27.395
Max Temp,1953,25.493,29.489,33.674,37.659,37.173,33.489,31.589,32.093,32.994,31.592,29.193,28.094
Max Temp,1954,26.095,31.189,35.076,37.967,36.375,33.289,32.99,31.296,32.793,30.797,28.397,26.494
Max Temp,1955,27.293,30.187,35.375,36.171,37.073,34.686,31.991,31.398,32.397,30.891,28.792,26.395
Max Temp,1956,27.593,28.286,33.775,36.472,35.774,31.687,31.69,31.398,31.392,30.89,28.393,26.693
Max Temp,1957,26.594,28.09,32.775,37.264,38.969,35.793,32.79,32.396,32.892,32.392,30.492,27.795
Max Temp,1958,28.792,28.993,34.973,36.668,37.37,36.485,32.886,31.796,32.293,31.892,29.694,27.195
Max Temp,1959,26.688,27.689,33.874,36.266,37.272,33.888,32.588,31.392,30.993,30.39,28.39,25.991
Max Temp,1960,26.289,30.986,32.276,36.766,36.875,34.988,31.588,31.693,31.293,31.493,28.393,27.594
Max Temp,1961,26.292,25.983,33.975,36.667,36.371,33.782,32.089,31.69,31.29,32.593,28.093,24.496
Max Temp,1962,25.092,28.991,34.576,35.766,35.773,33.685,33.092,31.794,32.089,30.592,29.19,27.29
Max Temp,1963,26.392,31.388,33.977,35.665,34.78,34.188,32.188,31.893,32.292,31.492,29.591,27.393
Max Temp,1964,27.096,29.788,34.977,35.669,35.775,34.985,31.486,31.693,32.194,31.194,28.695,26.793
Max Temp,1965,26.79,29.086,32.677,35.266,36.471,35.383,31.889,31.191,31.789,30.992,30.587,25.895
Max Temp,1966,25.393,30.987,34.27,37.062,37.574,34.883,32.89,31.497,31.592,30.398,29.493,25.595
Max Temp,1967,25.585,30.782,31.875,35.569,36.277,35.285,32.489,31.092,31.589,31.592,29.292,27.896
Max Temp,1968,26.793,28.886,34.078,35.767,37.169,31.888,31.391,31.395,32.793,31.095,28.894,26.796
Max Temp,1969,26.395,30.481,34.875,36.366,36.472,34.787,32.086,31.096,31.593,31.496,29.795,26.998
Max Temp,1970,26.296,29.593,33.075,36.47,36.772,33.686,32.196,31.794,31.193,31.395,28.394,26.2
Max Temp,1971,24.994,28.19,32.676,32.173,32.274,32.588,30.289,29.992,31.891,30.595,27.499,25.898
Max Temp,1972,26.396,25.49,33.775,36.467,38.17,35.484,32.585,31.19,32.495,31.792,29.098,26.896
Max Temp,1973,27.697,29.687,32.473,37.464,34.477,33.489,32.285,31.588,31.189,30.69,28.09,24.993
Max Temp,1974,25.496,28.89,33.276,35.065,35.17,34.883,31.885,32.188,31.889,31.29,29.394,25.497
Max Temp,1975,25.79,28.09,33.378,35.568,36.574,34.287,31.487,31.592,31.292,31.593,27.594,25.5
Max Temp,1976,25.893,29.188,33.776,35.869,34.475,34.286,32.489,31.091,31.493,32.594,30.596,26.994
Max Temp,1977,25.794,28.889,34.672,34.167,33.28,32.586,31.49,31.792,32.194,31.494,29.296,25.501
Max Temp,1978,24.896,27.991,32.478,34.771,35.477,33.59,31.891,31.29,30.795,31.295,29.898,25.997
Max Temp,1979,26.993,26.593,33.175,35.568,37.873,34.484,33.39,32.192,31.093,32.493,31.194,25.697
Max Temp,1980,25.597,28.791,31.978,36.766,35.175,31.289,30.591,30.49,32.395,30.993,29.793,26.895
Max Temp,1981,24.593,28.39,31.478,32.774,33.076,33.885,30.887,30.69,31.186,31.789,29.893,24.693
Max Temp,1982,26.79,27.59,30.778,34.667,37.672,34.583,33.487,31.19,32.791,32.09,28.894,26.596
Max Temp,1983,25.494,27.289,32.276,35.069,35.778,35.582,33.284,31.391,32.089,30.693,28.894,26.3
Max Temp,1984,25.503,27.39,34.776,36.266,35.971,32.389,32.287,31.494,32.194,32.292,29.203,26.599
Max Temp,1985,26.001,28.596,34.276,36.366,35.376,34.685,31.786,31.991,31.792,31.486,30.49,27.892
Max Temp,1986,26.388,28.992,34.678,35.468,35.073,34.984,32.684,32.695,32.192,30.493,28.397,26.294
Max Temp,1987,25.195,29.584,32.575,35.566,35.683,35.285,32.392,31.697,32.293,32.789,29.089,27.389
Max Temp,1988,26.388,29.287,33.076,36.064,35.072,33.186,32.188,31.993,32.892,32.589,29.693,26.99
Max Temp,1989,25.092,29.186,33.773,36.766,36.076,33.991,32.389,31.793,31.891,31.391,29.593,26.495
Max Temp,1990,25.794,28.189,29.775,33.569,34.674,34.086,31.786,32.29,31.79,30.192,28.693,26.391
Max Temp,1991,25.194,30.488,34.276,35.77,36.171,33.987,33.087,31.896,32.593,31.391,28.59,25.895
Max Temp,1992,25.395,27.989,33.974,36.665,35.575,34.586,32.384,31.893,32.092,31.792,29.591,26.195
Max Temp,1993,26.393,29.685,32.375,34.568,35.274,33.883,32.586,31.694,31.691,31.591,29.394,26.895
Max Temp,1994,26.592,28.188,33.775,35.167,36.774,33.886,32.588,31.693,32.092,31.792,29.391,26.695
Max Temp,1995,25.093,28.488,32.977,36.77,36.475,34.484,31.788,31.895,31.392,31.293,28.392,26.695
Max Temp,1996,26.494,28.39,33.576,35.27,36.775,33.388,32.689,30.593,32.592,31.292,29.693,26.096
Max Temp,1997,24.793,28.287,32.975,33.865,36.274,35.186,31.691,31.593,31.395,31.792,29.694,24.694
Max Temp,1998,24.595,27.689,30.876,35.068,35.876,35.784,32.189,31.792,31.892,32.09,28.993,26.791
Max Temp,1999,25.593,29.789,35.077,38.067,35.773,34.086,32.089,31.093,30.792,31.79,29.192,26.192
Max Temp,2000,26.292,26.191,32.776,36.467,35.075,33.487,31.783,32.294,31.494,31.492,30.192,26.395
Max Temp,2001,25.691,29.49,33.276,36.27,35.674,32.287,31.189,32.393,32.993,31.891,29.591,26.592
Max Temp,2002,26.794,29.887,34.275,35.767,36.472,34.085,32.786,31.493,31.794,31.691,29.393,
Cloud Cover,1901,25,25,32.5,35,48.8,73.8,80,78.8,71.3,48.8,26.3,23.8
Cloud Cover,1902,25,25,32.5,35,48.8,73.8,80,78.8,71.3,48.8,26.3,23.8
Cloud Cover,1903,25,25,32.5,35,48.8,73.8,80,78.8,71.3,48.8,26.3,23.8
Cloud Cover,1904,25,25,32.5,35,48.8,73.8,80,78.8,71.3,48.8,26.3,23.8
Cloud Cover,1905,25,25,32.5,35,48.8,73.8,80,78.8,71.3,48.8,26.3,23.8
Cloud Cover,1906,25,25,32.5,35,48.8,73.8,80,78.8,71.3,48.8,26.3,23.8
Cloud Cover,1907,25,25,32.5,35,48.8,73.8,80,78.8,71.3,48.8,26.3,23.8
Cloud Cover,1908,25,25,32.5,35,48.8,73.8,80,78.8,71.3,48.8,26.3,23.8
Cloud Cover,1909,25,25,32.5,35,48.8,73.8,80,78.8,71.3,48.8,26.3,23.8
Cloud Cover,1910,25,25,32.5,35,48.8,73.8,80,78.8,71.3,48.8,26.3,23.8
Cloud Cover,1911,25,25,32.5,35,48.8,73.8,80,78.8,71.3,48.8,26.3,23.8
Cloud Cover,1912,25,25,32.5,35,48.8,73.8,80,78.8,71.3,48.8,26.3,23.8
Cloud Cover,1913,25,25,32.5,35,48.8,73.8,80,78.8,71.3,48.8,26.3,23.8
Cloud Cover,1914,25,25,32.5,35,48.8,73.8,80,78.8,71.3,48.8,26.3,23.8
Cloud Cover,1915,25,25,32.5,35,48.8,73.8,80,78.8,71.3,48.8,26.3,23.8
Cloud Cover,1916,26.2,25,31.701,36.1,48.8,73.8,80,79.6,72.199,51,27,25.496
Cloud Cover,1917,25,25,32.5,35.598,48.102,74.8,80.8,79.6,72.2,49.701,27.1,23.398
Cloud Cover,1918,25.4,25,33.801,36.003,51.301,74.998,80.599,79.906,72.2,51.002,24.6,23.199
Cloud Cover,1919,25,25,32.101,34.7,47.6,74.2,81.099,79.7,71.3,49.6,28.1,25.198
Cloud Cover,1920,25.998,25.998,34.703,35,48.8,73.8,80.498,80.301,72.3,49.301,23.9,23.8
Cloud Cover,1921,24.4,24.6,33.502,35,49.998,75,81.1,80.4,72.497,48.8,27.399,23.8
Cloud Cover,1922,24.3,22.297,33.7,35.4,49.6,74.702,81,79.698,72.4,50.9,28.199,25.198
Cloud Cover,1923,24.1,27.4,31.7,35.799,49.9,74.601,80.9,79.7,72.397,48.901,27.101,24.698
Cloud Cover,1924,24.4,25.4,29.601,35,48.8,75.001,80.6,79.7,72.4,50.201,27.901,23.8
Cloud Cover,1925,28.4,26.4,31.7,35.9,49.501,74.1,80.9,80.501,72.1,49.701,26.3,24.998
Cloud Cover,1926,25.899,25.998,34.903,35,48.8,74.6,81,79.8,72.3,51.903,27.1,25.596
Cloud Cover,1927,26.3,26.399,32.5,36.1,49.899,74.9,80.1,79.7,73.4,50.198,27,22.898
Cloud Cover,1928,24.602,25,32.5,33.9,48.8,74.801,80.1,79.8,73.998,48.9,26.3,23.098
Cloud Cover,1929,26.402,24.2,31.602,35.499,49.998,75.1,80.1,79.6,72.2,49.402,26.9,23.8
Cloud Cover,1930,26.3,26.4,33.401,35,49.7,74.5,79.803,80.301,72.3,49.801,28.703,23.799
Cloud Cover,1931,23.601,29.2,36.398,35.901,50.303,74.404,82.804,80.6,72.1,54.799,32.896,29.597
Cloud Cover,1932,25.9,27.804,31.803,31.003,51.402,75.897,81.101,80.504,72.302,49.902,30.306,27.903
Cloud Cover,1933,24.5,28.7,28.207,34.401,51.099,77.004,82.901,83.197,72.098,49.501,25.299,24.8
Cloud Cover,1934,26.202,27.6,30.603,33.903,47.9,75.2,80.501,79.6,71.004,48.701,33.894,28.601
Cloud Cover,1935,24.401,29.798,31.297,33.699,47.199,73.003,80,79.9,71.8,45.904,25.3,21.499
Cloud Cover,1936,23.004,26.1,31.402,35.703,52.301,76.608,81.704,81.797,73.001,51.001,26.699,27.399
Cloud Cover,1937,19.906,33.396,29.206,30.599,49.201,75.899,81.2,81.41,72,48.9,24.801,27.002
Cloud Cover,1938,27.302,25,38.904,28.802,53.299,78.806,80.301,80.801,72.999,50.8,34.6,24.902
Cloud Cover,1939,23.101,27.797,31.801,33.901,47.802,75.2,82.704,77.302,70.4,49.905,29.703,27.301
Cloud Cover,1940,25,28.699,43.797,33.301,48.302,72.6,80.903,79.303,69.604,47.403,30.698,25.3
Cloud Cover,1941,26.703,24.201,34.803,33.801,54.497,79.801,81.2,79.9,72.1,50.402,30.698,29.703
Cloud Cover,1942,25.003,24.3,36.499,36.6,50.2,75.101,82.4,79.9,72.5,46.704,31.204,25.997
Cloud Cover,1943,32.001,26.103,38.103,33.6,47.8,73.503,79.201,78.302,70.801,46.405,25.403,24.899
Cloud Cover,1944,30.001,31.197,31.402,35.902,48.1,74.301,81.802,79.9,71.803,49.902,25.004,23.1
Cloud Cover,1945,23.8,22.098,32.002,37,49.602,75.2,80.001,82.098,73.7,49.1,24.105,22.7
Cloud Cover,1946,20.803,20.906,23.902,36.4,48.8,76.002,81.603,79.302,70.7,49.1,25.104,23
Cloud Cover,1947,24.503,23.701,32.2,34.498,48.302,73.3,78.6,78.8,72.5,48.802,21.901,25.6
Cloud Cover,1948,21.304,27.7,31.402,33.305,50.2,70.7,79.302,77.799,69.901,46.301,31.902,26.5
Cloud Cover,1949,19.708,17.208,31.402,41.188,53.995,69.889,76.295,78.897,69.9,44.095,18.588,15.099
Cloud Cover,1950,15.999,20.593,26.195,26.707,44.604,73.299,80.603,78.003,67.4,50.096,25.207,21.298
Cloud Cover,1951,19.197,15.805,27.702,29.199,43.504,71.392,77.491,76.498,64.302,47.397,26.491,22.699
Cloud Cover,1952,16.803,17.7,33.6,37.797,52.003,72.302,81.2,80.399,72.6,47.408,26.304,19.405
Cloud Cover,1953,28.003,24,41.896,33.699,49.804,74.303,81.399,80.195,71.903,48.908,22.298,22
Cloud Cover,1954,22.101,22.089,23.305,31.998,50.106,79.003,81.199,79.499,72.901,46.101,14.998,26.4
Cloud Cover,1955,24.602,17.405,27.904,31.899,50.104,74.395,82.498,80.096,73.302,58.294,31.399,23.894
Cloud Cover,1956,20.296,17.606,31.996,32.899,58.301,84.109,80.903,79.304,73.505,52.405,29.097,22.492
Cloud Cover,1957,36.598,25.6,28.803,26.209,43.1,65.898,82.503,77.503,68.108,40.605,11.398,21.998
Cloud Cover,1958,21.096,25.7,24.297,34.596,50.2,67.905,81.404,79.896,72.095,52.704,34.708,27.29
Cloud Cover,1959,28.498,26.601,28.901,37.695,50.398,75.601,81.5,81.303,73.903,59.496,23.9,25.41
Cloud Cover,1960,22.504,11.398,34.896,27.912,50.107,73.806,82.904,81.013,75,49,21.702,20.702
Cloud Cover,1961,29.699,35.397,38.808,32.498,49.198,77.102,81.404,80.4,75.992,53.302,26.604,21.598
Cloud Cover,1962,19.804,24.201,22.1,36.307,49.402,77.309,79.103,80.003,71.803,51.214,17.605,21.105
Cloud Cover,1963,15.91,9.104,25.4,32.589,47.393,73.204,79.3,77.595,69.9,49.902,25.093,22.699
Cloud Cover,1964,22.802,25.014,28.9,37.899,47.897,72.6,81.7,79.9,72.999,54.49,28.2,22.697
Cloud Cover,1965,23.302,20.2,25.501,35.8,46.802,70.197,79.098,77.802,69.296,47.302,18.894,24.51
Cloud Cover,1966,26.406,18.8,26.11,28,45.998,74.902,77.4,77.898,68.6,43.283,29.893,22.814
Cloud Cover,1967,28.318,11.907,36.497,28.204,47.901,68.793,79.102,79.8,72.504,42.797,14.987,29.405
Cloud Cover,1968,27,23.404,30.802,34.8,47.6,77.696,81.596,77.3,68.993,49.698,27.3,22.699
Cloud Cover,1969,17.704,21.11,31.702,33.2,49.102,72.303,81.2,79.899,72,45.893,26.895,22.4
Cloud Cover,1970,26.4,28.405,37.113,35.002,48.607,75.901,79.496,78.898,73.698,50.803,24.1,13.303
Cloud Cover,1971,28.805,23.314,26.6,43.797,52.302,82.108,82.907,82.509,71.602,52.901,28.796,18.2
Cloud Cover,1972,18.297,25.786,30.802,30.708,40.521,64.417,75.711,76.904,65.602,40.81,22.602,20.194
Cloud Cover,1973,19.593,22.197,31.304,33.807,51.4,71.696,80.202,78.405,72.697,55.398,33.709,28.301
Cloud Cover,1974,23.499,16.294,33.495,39.3,48.2,69.2,78.094,77.504,68.907,50.508,28.414,18.993
Cloud Cover,1975,23.3,27.702,30.398,32.808,45.8,72.802,80.693,77.903,72.802,55.197,29.809,18.001
Cloud Cover,1976,20.393,22.089,34,30.393,47.793,67.785,76.998,75.695,68.194,40.803,25.308,16.405
Cloud Cover,1977,19.579,17.087,29.696,38.395,50.301,74.696,81.693,78.8,70.098,46.69,35.9,25.695
Cloud Cover,1978,28.098,28.594,33.312,35.007,53.094,75.189,81.3,80.702,73.7,52.103,27.9,25.411
Cloud Cover,1979,25.299,30.795,30.802,33.506,46.011,71.2,77.8,78.499,69.505,46.295,31.191,32.895
Cloud Cover,1980,28.1,31.695,38.993,34.602,48.793,81.505,82.403,80.198,72.898,50.599,22.401,28.105
Cloud Cover,1981,33.192,32.995,38.891,41.497,53.5,73.804,82.903,78.104,73.001,43.218,19.799,28.799
Cloud Cover,1982,24.099,33.598,35.7,35.799,45.301,74.6,78.6,80.307,70.401,44.805,27.399,23.495
Cloud Cover,1983,27.499,28.516,39.604,34.498,50.398,71.003,78.6,79.806,73.2,53.6,25.712,23.8
Cloud Cover,1984,27.301,27.8,25.2,32.7,51.294,77.597,80.497,77.701,69.9,47.302,18.499,23.196
Cloud Cover,1985,28.097,22.196,38.699,35.401,47.898,73.099,80.797,78.197,72.098,46.094,20.403,22.699
Cloud Cover,1986,28.305,24,25.194,35.389,45.796,72.4,78.397,75.402,70.4,46.699,31.395,27.385
Cloud Cover,1987,24.603,24,34.696,35.799,45.699,72.897,81.2,79.394,72.296,46.193,31.202,26.001
Cloud Cover,1988,25.597,25.697,37.792,36.799,55.898,76.9,81.599,80.398,70.199,47.902,24.997,28.997
Cloud Cover,1989,24.694,27.196,30.192,33.204,50.201,73.099,78.6,77.598,73.098,54.697,28.392,24.094
Cloud Cover,1990,34.605,41.003,46.799,41.997,54.797,77.203,81.897,79.9,73.299,54.1,35.507,30.103
Cloud Cover,1991,24,25.9,33.301,35.598,48.7,74.5,80,78.8,71.3,48.8,26.3,24.398
Cloud Cover,1992,25,25.799,32.5,35,48.401,73.6,80,78.8,71.3,49.801,26.2,23.4
Cloud Cover,1993,25,25,32.5,35,48.8,73.8,80,78.8,71.3,48.8,26.3,23.8
Cloud Cover,1994,25,25,32.5,35,48.8,73.8,80,78.8,71.3,48.8,26.3,23.8
Cloud Cover,1995,25,25,32.5,35,48.8,73.8,80,78.8,71.3,49.201,27.298,24.697
Cloud Cover,1996,25,25,34.08,33.911,39.401,73.293,80.198,83.915,62.099,33.392,9.105,23.102
Cloud Cover,1997,28.199,15.093,36.624,31.8,35.598,64.9,82.105,77.403,71.805,36.593,26.71,32.202
Cloud Cover,1998,30.306,25.704,31.527,34.885,43.496,68.994,77.693,78.999,67.507,52.908,28.105,21.195
Cloud Cover,1999,14.903,16.9,32.415,28.711,50.007,67.698,76.007,83.102,79.511,52.104,18.811,26.403
Cloud Cover,2000,17.097,41.818,35.824,30.61,45.702,72.594,71.401,69.907,68.603,41.901,19.914,17.006
Cloud Cover,2001,16.8,25.603,33.018,27.808,41.697,74.796,81.807,72.21,62.012,43.511,36.919,23.01
Cloud Cover,2002,27.809,24.303,40.121,28.298,46.883,64.197,77.002,78.802,66.317,41.9,21.516,20.594
Vapour Pressure,1901,16.708,18.907,23.108,29.411,31.705,35.504,33.697,34.196,33.697,29.401,22.207,17.006
Vapour Pressure,1902,17.306,18.907,24.408,27.112,31.705,34.202,33.697,34.196,33.695,29.4,21.911,16.308
Vapour Pressure,1903,17.306,17.809,23.01,29.611,33.604,34.202,34.493,34.295,33.697,29.4,20.911,15.807
Vapour Pressure,1904,17.306,18.708,23.31,28.605,31.705,33.9,33.697,34.294,33.498,29.302,21.91,17.006
Vapour Pressure,1905,17.306,16.408,21.512,25.713,30.61,36.599,33.697,34.196,33.697,29.401,22.009,17.006
Vapour Pressure,1906,16.608,18.708,21.112,29.212,33.11,34.298,33.697,34.196,33.897,29.401,22.108,17.004
Vapour Pressure,1907,17.306,18.308,21.512,26.31,31.705,34.3,33.697,34.196,33.697,29.401,22.108,15.906
Vapour Pressure,1908,16.204,18.907,23.108,30.313,32.495,34.3,33.697,34.196,33.498,29.5,20.707,15.906
Vapour Pressure,1909,18.306,18.907,23.807,26.41,31.705,32.404,33.697,34.196,33.695,29.401,22.107,17.004
Vapour Pressure,1910,17.306,18.907,23.01,27.71,31.705,33.005,33.697,34.196,33.697,29.401,21.604,15.906
Vapour Pressure,1911,18.306,18.211,22.411,27.911,31.705,33.502,33.697,34.196,33.697,29.5,21.211,15.906
Vapour Pressure,1912,17.306,18.907,23.108,26.809,31.705,34.202,33.697,34.196,33.695,29.401,21.105,15.906
Vapour Pressure,1913,17.006,18.907,21.809,28.607,31.11,32.2,33.697,34.294,33.697,29.4,20.907,16.605
Vapour Pressure,1914,17.306,18.808,23.01,26.114,31.695,33.897,33.697,34.294,33.498,28.306,22.107,16.807
Vapour Pressure,1915,17.306,18.907,22.513,27.91,31.705,34.301,34.689,34.295,33.697,30.296,22.207,16.306
Vapour Pressure,1916,17.004,18.907,23.306,27.91,33.605,32.798,33.697,34.196,33.498,29.401,21.51,15.807
Vapour Pressure,1917,16.706,18.705,21.908,27.809,29.807,33.399,33.697,34.196,33.697,29.5,22.107,15.906
Vapour Pressure,1918,16.206,18.707,23.01,27.706,31.003,31.104,34.997,34.196,33.697,29.5,22.108,16.306
Vapour Pressure,1919,17.707,18.31,23.81,27.811,31.705,34.298,33.697,34.196,33.697,29.401,22.207,16.605
Vapour Pressure,1920,17.306,18.906,23.208,27.809,31.507,36.096,33.697,34.196,33.498,29.4,22.107,17.004
Vapour Pressure,1921,17.306,18.408,23.307,27.811,34.204,33.999,33.697,34.294,33.697,27.702,21.503,17.006
Vapour Pressure,1922,17.004,18.907,23.507,27.91,32.101,33.399,33.697,34.294,32.294,28.396,20.906,16.405
Vapour Pressure,1923,16.706,18.408,22.6,27.809,31.705,36.3,33.697,34.294,33.697,29.4,21.107,17.006
Vapour Pressure,1924,17.306,18.907,24.007,29.511,31.705,36.894,33.697,34.295,33.498,29.302,21.3,16.203
Vapour Pressure,1925,16.206,17.707,23.109,27.811,31.705,34.202,33.697,34.196,33.498,28.1,21.707,16.105
Vapour Pressure,1926,16.5,18.907,22.107,27.91,31.705,38.183,33.697,34.295,33.695,29.401,20.705,17.004
Vapour Pressure,1927,17.405,18.504,22.309,28.813,31.705,34.996,33.697,34.294,33.498,29.4,22.105,17.006
Vapour Pressure,1928,17.606,18.808,24.008,28.01,31.705,32.597,33.598,34.295,33.697,29.401,22.208,17.006
Vapour Pressure,1929,17.306,17.707,23.108,27.914,33.506,35.296,33.597,34.295,33.498,28.703,20.808,16.107
Vapour Pressure,1930,16.306,18.507,23.21,28.109,31.705,34.3,33.697,34.294,33.697,29.4,21.206,15.906
Vapour Pressure,1931,17.507,19.307,22.711,29.31,31.705,36.304,33.597,34.896,33.695,30.302,21.408,17.306
Vapour Pressure,1932,17.306,18.406,23.01,28.01,31.706,34.805,33.797,34.394,34.397,29.401,22.905,17.205
Vapour Pressure,1933,16.105,19.104,22.309,27.514,31.607,34.9,33.797,34.498,33.498,29.401,21.51,17.006
Vapour Pressure,1934,16.405,18.307,23.21,28.01,32.507,34.3,33.797,34.197,33.697,29.401,21.507,17.307
Vapour Pressure,1935,16.206,19.409,22.908,27.809,34.504,34.798,33.199,33.797,32.998,29.499,22.107,17.004
Vapour Pressure,1936,17.907,19.005,23.01,29.013,31.606,32.2,33.697,34.096,33.397,29.398,22.207,17.204
Vapour Pressure,1937,16.206,18.907,22.115,27.512,31.705,34.2,34.096,34.294,33.498,29.401,21.811,16.006
Vapour Pressure,1938,17.904,17.707,25.808,29.408,30.207,33.204,33.697,34.493,33.998,29.302,21.305,16.103
Vapour Pressure,1939,17.306,18.907,23.109,29.809,32.407,34.3,33.697,34.196,33.697,29.9,22.006,17.207
Vapour Pressure,1940,16.302,18.907,22.213,28.309,31.705,35.296,33.697,34.196,33.498,29.4,22.51,17.006
Vapour Pressure,1941,17.306,19.007,24.51,28.911,31.507,33.2,33.697,33.897,33.697,29.201,21.209,17.205
Vapour Pressure,1942,17.306,18.907,22.91,27.811,33.908,35.403,33.298,34.394,32.997,29.302,22.809,17.006
Vapour Pressure,1943,17.606,17.105,22.91,26.509,32.004,32.5,33.697,34.196,33.697,29.5,22.207,17.006
Vapour Pressure,1944,17.607,18.907,22.01,26.611,32.797,34.999,33.697,34.196,33.198,29.5,22.207,17.506
Vapour Pressure,1945,16.9,18.907,23.811,27.809,31.705,35.102,33.499,33.897,33.498,29.5,22.009,16.006
Vapour Pressure,1946,16.605,20.007,22.309,25.308,31.507,33.202,33.4,34.295,34.195,29.4,22.306,17.006
Vapour Pressure,1947,17.307,18.604,22.91,30.311,33.209,33.101,33.697,33.797,32.997,29.401,22.107,17.004
Vapour Pressure,1948,18.105,18.907,22.911,27.809,31.606,34.601,33.499,33.795,33.498,29.5,22.108,16.707
Vapour Pressure,1949,17.306,18.51,23.01,27.808,31.907,34.903,33.697,34.394,33.697,29.401,20.305,15.307
Vapour Pressure,1950,16.507,18.607,22.91,27.608,31.308,34.697,33.697,34.393,32.899,29.4,21.105,17.004
Vapour Pressure,1951,17.105,18.405,22.908,27.211,32.707,34.3,33.797,34.294,33.498,30.096,22.206,17.106
Vapour Pressure,1952,16.905,18.504,23.111,28.109,31.704,35.401,33.797,34.295,33.498,29.601,22.708,16.604
Vapour Pressure,1953,17.405,20.107,26.509,29.411,33.505,33.301,33.797,34.295,33.399,29.5,22.107,16.506
Vapour Pressure,1954,17.105,20.007,22.509,31.011,31.804,33.8,33.697,34.196,33.498,29.499,20.807,17.006
Vapour Pressure,1955,16.806,18.307,23.711,27.809,31.606,34.098,33.897,33.996,33.498,29.6,22.206,17.004
Vapour Pressure,1956,16.806,17.307,23.01,29.111,31.606,30.697,33.598,33.998,33.297,29.401,22.107,17.004
Vapour Pressure,1957,17.006,18.906,21.809,27.21,34.908,34.701,33.896,34.096,33.498,29.201,20.805,17.905
Vapour Pressure,1958,18.205,19.007,22.812,29.311,35.109,37.103,33.697,34.195,33.498,29.6,22.107,17.004
Vapour Pressure,1959,17.306,19.007,23.109,28.01,33.507,33.9,33.697,34.196,33.097,30.3,22.007,17.007
Vapour Pressure,1960,17.105,18.606,23.01,28.911,33.406,33.899,33.797,34.295,33.795,29.5,22.105,17.006
Vapour Pressure,1961,17.607,17.205,25.505,29.211,33.406,33.9,33.797,34.394,33.795,29.6,20.906,15.503
Vapour Pressure,1962,15.904,18.607,22.509,28.01,31.704,34.399,33.897,34.196,33.795,29.5,21.507,16.504
Vapour Pressure,1963,15.407,18.405,22.509,28.01,31.505,33.999,33.896,34.394,33.797,29.5,22.111,17.006
Vapour Pressure,1964,18.006,19.007,24.209,28.109,31.805,35.701,33.795,34.196,33.896,30.4,22.206,17.006
Vapour Pressure,1965,17.303,19.007,23.01,28.01,33.406,35.6,33.797,33.896,33.498,29.5,22.105,17.006
Vapour Pressure,1966,17.405,18.704,23.011,28.01,33.407,33.8,32.896,33.397,34.799,28.6,23.506,17.007
Vapour Pressure,1967,17.705,20.107,23.109,27.211,33.107,35.7,33.697,34.295,33.498,29.3,21.407,18.807
Vapour Pressure,1968,17.306,18.807,23.409,28.01,33.305,33.198,33.697,34.295,33.093,29.4,22.108,16.405
Vapour Pressure,1969,16.204,20.108,24.311,29.211,31.004,35.3,33.797,34.196,33.498,29.4,22.107,16.604
Vapour Pressure,1970,17.105,19.007,23.109,27.911,31.407,33.7,33.795,34.196,33.498,29.598,20.906,15.404
Vapour Pressure,1971,17.705,19.007,21.509,24.406,29.004,33.297,31.997,32.396,33.297,29.4,21.907,16.405
Vapour Pressure,1972,16.807,18.007,21.91,27.809,30.904,34.802,33.797,33.296,32.797,28.6,22.107,17.506
Vapour Pressure,1973,18.404,19.01,22.91,29.409,31.805,35.201,32.797,34.196,33.498,29.502,22.306,17.006
Vapour Pressure,1974,16.706,18.406,23.109,28.108,31.106,33.298,33.797,34.196,33.498,29.8,22.509,16.105
Vapour Pressure,1975,16.506,19.007,23.01,27.908,31.704,33.798,33.597,33.397,33.697,30.3,21.006,16.104
Vapour Pressure,1976,17.108,19.107,23.01,27.309,31.906,33.8,33.597,34.096,32.998,29.4,24.91,17.006
Vapour Pressure,1977,17.105,18.909,24.311,27.61,29.604,33.7,34.498,34.097,33.498,29.4,23.309,17.006
Vapour Pressure,1978,16.304,18.907,21.809,28.009,32.91,33.8,34.199,34.196,33.399,29.499,23.207,17.004
Vapour Pressure,1979,17.806,17.908,22.91,27.91,31.505,33.1,33.598,34.196,33.297,29.398,25.106,17.804
Vapour Pressure,1980,17.407,19.005,23.01,27.91,31.606,34.6,33.697,34.196,33.498,29.598,21.407,17.006
Vapour Pressure,1981,17.806,19.005,23.71,26.008,29.712,33.9,33.598,34.196,33.397,29.302,21.509,17.506
Vapour Pressure,1982,18.205,19.508,23.513,28.21,33.206,33.7,35.098,33.998,33.297,30.802,22.107,17.004
Vapour Pressure,1983,17.705,19.407,24.31,27.91,31.607,35.799,33.699,33.996,33.397,30.001,21.507,17.004
Vapour Pressure,1984,17.306,18.505,22.309,28.01,31.705,32.498,33.696,34.196,33.297,29.5,21.406,17.105
Vapour Pressure,1985,17.105,18.907,23.708,28.01,31.705,33.9,32.096,34.196,33.498,27.499,22.104,17.006
Vapour Pressure,1986,16.506,18.304,22.41,28.01,30.105,32.397,33.499,33.297,33.396,27.899,22.007,17.405
Vapour Pressure,1987,16.304,19.107,23.01,28.01,30.705,33.301,33.697,33.496,33.697,28.699,22.107,17.006
Vapour Pressure,1988,16.405,19.007,23.01,27.908,30.696,32.3,33.697,34.294,33.498,29.598,22.208,18.505
Vapour Pressure,1989,17.105,19.007,23.01,29.111,31.606,33.6,33.597,34.096,33.697,29.7,21.907,17.004
Vapour Pressure,1990,18.006,19.607,22.41,28.608,30.205,33.999,33.697,34.096,33.498,29.4,22.809,17.405
Vapour Pressure,1991,17.506,20.107,23.208,28.01,32.409,34.202,33.797,34.295,33.697,29.4,21.601,16.807
Vapour Pressure,1992,16.506,18.311,24.31,29.111,31.207,34.3,33.597,34.295,33.697,29.401,22.108,17.004
Vapour Pressure,1993,17.306,19.005,22.911,26.61,31.705,34.2,33.699,34.295,33.697,29.697,22.605,16.807
Vapour Pressure,1994,17.306,18.808,24.311,28.109,31.607,34.2,33.697,34.294,33.797,29.4,22.107,17.004
Vapour Pressure,1995,16.507,19.604,23.108,29.212,32.501,34.903,33.697,34.196,33.695,29.4,22.809,17.104
Vapour Pressure,1996,17.306,19.007,24.011,28.109,32.307,34.2,33.697,34.897,33.498,29.401,22.108,17.004
Vapour Pressure,1997,17.507,18.708,23.81,26.014,31.705,34.41,33.697,34.196,33.498,29.401,23.711,18.207
Vapour Pressure,1998,17.607,19.906,22.509,28.611,32.207,37.295,33.797,34.197,33.498,32.002,25.107,17.404
Vapour Pressure,1999,17.405,20.608,24.51,30.21,31.904,34.199,33.697,34.394,34.597,29.4,22.108,19.208
Vapour Pressure,2000,17.606,20.606,23.81,28.109,32.304,34.298,33.998,34.294,33.697,29.4,22.107,17.004
Vapour Pressure,2001,17.605,19.005,23.108,27.915,31.705,33.3,34.597,34.295,34.6,30.6,24.811,17.004
Vapour Pressure,2002,17.807,20.007,23.207,28.109,31.705,34.2,34.294,34.294,33.498,29.401,22.208,17.006
RCE,1901,2.93,3.69,4.83,5.73,5.76,5.25,4.51,4.08,3.91,3.72,3.23,2.87
RCE,1902,3.04,3.69,4.95,5.46,5.65,5.19,4.48,4.11,3.95,3.65,3.24,2.87
RCE,1903,3.03,3.66,4.84,5.68,5.91,5.2,4.58,4.05,3.9,3.64,3.2,2.8
RCE,1904,2.97,3.68,4.87,5.68,5.65,5.1,4.43,4.09,3.92,3.66,3.24,2.9
RCE,1905,2.95,3.51,4.67,5.35,5.6,5.37,4.48,4.09,3.9,3.65,3.23,2.87
RCE,1906,2.96,3.67,4.64,5.72,5.85,5.22,4.51,4.07,3.91,3.66,3.25,2.9
RCE,1907,3.06,3.68,4.64,5.41,5.67,5.1,4.48,4.05,3.92,3.67,3.25,2.84
RCE,1908,2.89,3.72,4.87,5.83,5.73,5.13,4.44,4.04,3.9,3.64,3.2,2.8
RCE,1909,3.12,3.7,4.95,5.38,5.73,5.01,4.44,4.01,3.9,3.63,3.27,2.87
RCE,1910,2.96,3.66,4.81,5.6,5.73,5.08,4.46,4.05,3.9,3.61,3.2,2.79
RCE,1911,3.12,3.64,4.76,5.55,5.74,5.06,4.53,4.05,3.89,3.66,3.25,2.78
RCE,1912,3.03,3.79,4.84,5.44,5.69,5.15,4.46,4.05,3.93,3.63,3.2,2.82
RCE,1913,2.97,3.68,4.69,5.68,5.63,4.93,4.46,4.03,3.91,3.59,3.15,2.83
RCE,1914,2.99,3.79,4.81,5.39,5.61,5.07,4.44,4.05,3.89,3.6,3.24,2.89
RCE,1915,3.01,3.7,4.73,5.61,5.71,5.1,4.51,4.1,3.88,3.73,3.34,2.87
RCE,1916,2.95,3.69,4.94,5.62,5.9,5.01,4.48,4.04,3.86,3.6,3.24,2.83
RCE,1917,2.94,3.68,4.74,5.54,5.57,5.05,4.41,4.03,3.86,3.64,3.24,2.83
RCE,1918,2.88,3.68,4.89,5.45,5.45,4.93,4.53,4.04,3.79,3.66,3.25,2.83
RCE,1919,3.05,3.64,4.9,5.56,5.73,5.06,4.46,3.97,3.89,3.64,3.24,2.84
RCE,1920,3.01,3.64,4.78,5.55,5.73,5.3,4.48,4.05,3.9,3.66,3.25,2.84
RCE,1921,3.01,3.68,4.93,5.56,5.9,5.12,4.44,4.02,3.89,3.56,3.2,2.9
RCE,1922,3.01,3.75,4.94,5.58,5.8,4.99,4.46,4.04,3.85,3.47,3.21,2.87
RCE,1923,3,3.67,4.74,5.59,5.8,5.27,4.48,4.01,3.92,3.62,3.23,2.89
RCE,1924,3,3.7,4.96,5.74,5.84,5.33,4.48,4.04,3.84,3.64,3.2,2.83
RCE,1925,2.89,3.51,4.79,5.49,5.71,5.11,4.44,4.05,3.88,3.57,3.22,2.8
RCE,1926,2.92,3.72,4.58,5.45,5.73,5.33,4.48,4.02,3.87,3.55,3.14,2.87
RCE,1927,2.99,3.64,4.66,5.64,5.66,5.03,4.46,4.04,3.9,3.65,3.15,2.89
RCE,1928,3.03,3.73,4.93,5.52,5.69,5.03,4.44,4.07,3.95,3.67,3.27,2.9
RCE,1929,3.04,3.61,4.82,5.57,5.85,4.97,4.45,4.04,3.9,3.59,3.22,2.83
RCE,1930,2.92,3.66,4.81,5.61,5.67,5.02,4.43,3.97,3.85,3.66,3.19,2.81
RCE,1931,3.01,3.47,4.67,5.5,5.43,5.09,4.46,3.68,3.69,3.25,2.95,2.68
RCE,1932,3,3.48,4.93,5.8,5.37,4.82,4.17,3.68,3.57,3.5,2.91,2.74
RCE,1933,2.78,3.58,5.09,5.44,5.42,4.7,4.43,3.61,3.75,3.48,3.17,2.77
RCE,1934,2.84,3.54,5.03,5.48,5.72,4.9,4.18,3.79,3.7,3.46,2.89,2.71
RCE,1935,2.84,3.55,4.9,5.51,5.88,5.15,4.29,3.78,3.74,3.64,3.24,2.89
RCE,1936,2.97,3.59,5.04,5.55,5.23,4.68,4.15,3.66,3.65,3.41,3.2,2.78
RCE,1937,2.95,3.59,4.92,5.79,5.62,4.78,4.18,4.05,3.7,3.54,3.18,2.7
RCE,1938,2.95,3.53,4.73,6.05,5.2,4.63,4.26,3.67,3.64,3.46,2.94,2.74
RCE,1939,3.02,3.65,4.89,5.69,5.72,4.95,4.42,3.86,3.75,3.45,3.03,2.74
RCE,1940,2.89,3.55,4.16,5.72,5.65,5.16,4.2,3.84,3.83,3.58,3.18,2.82
RCE,1941,2.92,3.71,4.91,5.78,5.36,5.11,4.15,3.82,3.74,3.36,3.04,2.78
RCE,1942,2.94,3.66,4.78,5.38,5.73,5.05,4.48,3.76,3.58,3.57,3.07,2.8
RCE,1943,2.86,3.48,4.54,5.42,5.76,5.11,4.43,4.04,3.9,3.68,3.25,2.89
RCE,1944,2.83,3.43,4.87,5.3,5.81,5.1,4.18,3.79,3.73,3.4,3.24,2.93
RCE,1945,2.9,3.65,4.91,5.28,5.7,5,4.36,4.11,3.58,3.58,3.21,2.81
RCE,1946,3.04,3.92,5.3,5.18,5.67,4.85,4.13,3.8,3.88,3.59,3.31,2.94
RCE,1947,3.07,3.68,4.88,5.81,5.87,5.26,4.52,4.05,3.65,3.5,3.35,2.82
RCE,1948,3.17,3.61,4.9,5.68,5.59,5.33,4.48,3.98,3.92,3.72,3.07,2.73
RCE,1949,3,3.71,4.98,5.34,5.51,5.42,5.09,4.17,3.9,3.63,3.33,3
RCE,1950,3.29,3.93,5.08,6,6.13,5.29,4.44,4.11,3.8,3.36,3.15,2.8
RCE,1951,2.75,3.94,4.89,5.79,5.7,5.33,4.75,4.11,4.09,3.56,3.3,3.08
RCE,1952,2.89,4.23,4.69,5.38,5.77,5.07,4.32,4.08,4.21,3.35,3,3.08
RCE,1953,2.83,3.69,4.26,5.94,6,4.71,4.1,4.33,4.41,3.6,3.34,2.99
RCE,1954,3.12,4.03,5.41,5.87,5.71,4.73,4.53,3.78,4.26,3.66,3.41,2.88
RCE,1955,3.32,4.15,5.33,5.83,5.63,5.21,4.37,4.14,3.95,3.59,3.2,2.97
RCE,1956,3.25,3.83,4.92,5.63,5.42,4.54,4.18,3.98,3.64,3.43,3.24,2.89
RCE,1957,3,3.69,4.96,6.08,6.28,5.58,4.73,4.33,4.3,3.97,3.71,3.09
RCE,1958,3.34,3.72,5.32,5.72,5.74,5.56,4.56,4.08,4.04,3.54,3.25,2.92
RCE,1959,3.05,3.58,5.09,5.46,5.96,5.05,4.39,3.95,3.6,3.13,3.26,2.82
RCE,1960,3.09,4.15,4.78,5.47,5.72,5.18,4.2,3.88,3.56,3.63,3.26,3.13
RCE,1961,2.97,3.3,4.66,5.58,5.71,4.89,4.48,4.01,3.57,4.19,3.24,2.8
RCE,1962,3,3.85,5.33,5.59,5.71,4.88,4.64,4.14,3.92,3.47,3.4,3.07
RCE,1963,3.23,4.24,5.1,5.7,5.6,5.21,4.36,4.05,3.96,3.57,3.33,3
RCE,1964,3.1,3.8,5.11,5.52,5.74,5.13,4.32,4.07,3.95,3.37,3.14,2.93
RCE,1965,3.1,3.85,4.99,5.48,5.74,5.28,4.44,3.87,3.92,3.55,3.64,2.79
RCE,1966,2.89,4.1,5.08,5.89,5.9,5.75,4.82,4.05,4,3.55,3.34,2.89
RCE,1967,2.87,4.08,4.57,5.87,5.83,5.41,4.55,3.79,3.82,3.76,3.51,3.02
RCE,1968,3.16,3.85,4.96,5.7,6.07,4.59,4.08,4.21,4.11,3.72,3.38,2.93
RCE,1969,3.16,4.01,5.04,5.81,6.13,5.05,4.37,4.02,3.79,3.69,3.34,3.05
RCE,1970,3.03,3.9,4.78,5.78,5.76,5.11,4.56,4.04,3.68,3.63,3.25,3.01
RCE,1971,2.78,3.68,5.01,4.92,5.14,4.74,4.05,3.74,3.96,3.3,3.03,2.83
RCE,1972,3.21,3.3,5.07,5.86,6.35,5.74,4.77,4.21,4.27,3.85,3.28,2.96
RCE,1973,3.2,3.88,4.87,6.06,5.34,5.2,4.56,4.25,3.9,3.42,3.09,2.76
RCE,1974,3.04,3.89,4.87,5.44,5.68,5.49,4.58,4.33,4.05,3.54,3.26,2.89
RCE,1975,3.03,3.57,4.84,5.57,5.98,5.2,4.45,4.32,3.77,3.4,3.04,2.88
RCE,1976,3.02,3.69,4.84,5.83,5.59,5.24,4.59,3.93,3.82,3.88,3.25,3
RCE,1977,3.01,3.76,5.05,5.15,5.29,4.8,4.02,4.08,3.95,3.65,3.07,2.79
RCE,1978,2.91,3.6,4.84,5.58,5.61,4.96,4.4,3.88,3.59,3.47,3.23,2.81
RCE,1979,3.08,3.46,4.93,5.57,6.14,5.5,4.61,4.18,4,3.85,3.31,2.68
RCE,1980,2.89,3.65,4.53,5.69,5.57,4.3,4.01,3.88,3.89,3.61,3.48,2.94
RCE,1981,2.7,3.57,4.3,4.88,5.16,4.96,4.33,3.93,3.85,3.83,3.5,2.59
RCE,1982,3.08,3.39,4.28,5.34,6.15,5.36,4.45,3.8,4.08,3.74,3.27,2.98
RCE,1983,2.92,3.39,4.38,5.41,5.83,5.52,4.74,3.86,3.83,3.27,3.18,2.99
RCE,1984,2.92,3.6,5.29,5.81,5.52,4.67,4.53,4.05,4,3.88,3.5,2.96
RCE,1985,2.88,3.73,4.82,5.6,5.64,5.34,4.48,4.29,3.86,3.79,3.69,3.1
RCE,1986,3.11,3.75,5.27,5.6,5.75,5.41,4.86,4.59,4.1,3.55,2.95,2.78
RCE,1987,2.84,3.89,4.6,5.63,5.68,5.39,4.51,3.91,3.85,4.01,3.17,3.03
RCE,1988,3.03,3.78,4.71,5.61,5.3,4.74,4.37,4.1,4.09,3.86,3.33,2.78
RCE,1989,2.96,3.77,5.02,5.73,5.68,5.19,4.51,4.11,3.85,3.47,3.33,2.93
RCE,1990,2.84,3.38,4.03,4.84,5.38,4.96,4.32,4.02,3.69,3.36,2.85,2.8
RCE,1991,2.95,3.89,4.95,5.6,5.76,5.12,4.58,4.09,3.96,3.64,3.24,2.87
RCE,1992,2.96,3.63,4.92,5.69,5.76,5.25,4.48,4.09,3.92,3.7,3.3,2.89
RCE,1993,3.04,3.81,4.75,5.44,5.66,5.11,4.53,4.07,3.89,3.66,3.31,2.94
RCE,1994,3.06,3.68,4.9,5.51,5.83,5.11,4.53,4.07,3.92,3.7,3.31,2.93
RCE,1995,2.94,3.7,4.77,5.78,5.77,5.18,4.21,3.9,3.64,3.54,2.98,2.89
RCE,1996,3.03,3.69,4.63,5.47,5.57,5.06,4.26,3.61,3.91,3.67,3.38,2.84
RCE,1997,2.81,3.68,4.5,5.29,5.72,5.37,4.18,4,3.81,3.78,3.13,2.47
RCE,1998,2.9,3.31,4.36,5.23,5.39,5.32,4.15,3.78,3.73,3.41,2.88,2.84
RCE,1999,2.91,3.71,5.19,5.97,5.71,5.13,4.48,3.76,3.4,3.63,3.21,2.54
RCE,2000,2.93,3.02,4.54,5.67,5.36,4.86,4.04,4.12,3.7,3.61,3.32,2.9
RCE,2001,2.99,3.76,4.79,5.47,5.55,4.43,3.89,4.13,4.04,3.42,2.95,2.86
RCE,2002,3.07,3.83,4.95,5.59,5.79,5.13,4.51,4.05,3.9,3.67,3.31,2.94
PET,1901,4.94,5.45,6.25,6.95,6.89,5.97,5.18,4.74,4.69,5.07,5.27,4.92
PET,1902,4.94,5.45,6.35,6.93,6.82,5.93,5.17,4.72,4.73,5.04,5.27,4.92
PET,1903,4.95,5.46,6.25,6.91,6.94,5.97,5.23,4.74,4.69,5.03,5.26,4.88
PET,1904,4.88,5.44,6.27,6.97,6.88,5.9,5.11,4.72,4.71,5.05,5.26,4.96
PET,1905,4.95,5.41,6.23,6.83,6.72,5.99,5.23,4.73,4.7,5.02,5.26,4.94
PET,1906,4.9,5.49,6.16,6.87,6.92,5.98,5.18,4.73,4.71,5.04,5.27,4.94
PET,1907,4.97,5.53,6.24,6.83,6.83,5.9,5.17,4.71,4.69,5.03,5.3,4.95
PET,1908,4.82,5.44,6.25,7,6.93,5.94,5.14,4.71,4.69,5.03,5.27,4.82
PET,1909,4.96,5.48,6.38,6.88,6.86,5.88,5.12,4.7,4.69,5,5.27,4.96
PET,1910,4.91,5.44,6.26,6.92,6.89,5.91,5.13,4.72,4.7,5.02,5.26,4.82
PET,1911,4.98,5.49,6.25,6.89,6.89,5.88,5.18,4.73,4.69,5.03,5.3,4.87
PET,1912,4.88,5.52,6.35,6.89,6.83,5.93,5.15,4.71,4.71,5.04,5.26,4.89
PET,1913,4.89,5.49,6.2,6.93,6.91,5.81,5.1,4.7,4.71,5.03,5.21,4.88
PET,1914,4.87,5.51,6.35,6.87,6.81,5.87,5.12,4.72,4.7,5,5.24,4.94
PET,1915,4.93,5.5,6.24,6.9,6.88,5.89,5.14,4.75,4.68,5,5.35,4.98
PET,1916,4.86,5.42,6.33,6.9,6.97,5.92,5.16,4.69,4.64,4.91,5.26,4.89
PET,1917,4.87,5.46,6.25,6.89,6.85,5.83,5.06,4.7,4.66,4.99,5.27,4.95
PET,1918,4.81,5.42,6.3,6.91,6.68,5.76,5.12,4.7,4.54,4.97,5.32,4.91
PET,1919,4.95,5.44,6.31,6.93,6.91,5.89,5.11,4.63,4.69,5,5.24,4.88
PET,1920,4.9,5.41,6.23,6.89,6.83,6,5.21,4.69,4.68,5.01,5.34,4.91
PET,1921,4.93,5.45,6.3,6.9,6.9,5.94,5.1,4.69,4.69,5,5.19,4.94
PET,1922,4.94,5.53,6.29,6.86,6.94,5.87,5.09,4.71,4.69,4.85,5.18,4.91
PET,1923,4.95,5.42,6.25,6.86,6.85,5.99,5.21,4.68,4.69,5.03,5.22,4.93
PET,1924,4.94,5.44,6.35,6.97,6.89,6.01,5.22,4.71,4.66,4.97,5.22,4.93
PET,1925,4.79,5.29,6.27,6.87,6.85,5.93,5.14,4.69,4.7,4.97,5.25,4.86
PET,1926,4.82,5.48,6.12,6.84,6.8,5.99,5.22,4.69,4.68,4.91,5.19,4.87
PET,1927,4.9,5.45,6.18,6.88,6.84,5.75,5.16,4.69,4.66,5,5.16,4.95
PET,1928,4.94,5.47,6.34,6.96,6.87,5.86,5.1,4.69,4.67,5.03,5.29,4.96
PET,1929,4.95,5.46,6.28,6.87,6.87,5.73,5.18,4.69,4.69,4.99,5.25,4.92
PET,1930,4.83,5.4,6.21,6.93,6.8,5.78,5.15,4.6,4.6,5.01,5.22,4.85
PET,1931,4.88,5.19,6.04,6.76,6.56,5.77,5.12,4.23,4.46,4.51,4.81,4.54
PET,1932,4.87,5.22,6.33,7.23,6.47,5.55,4.82,4.26,4.31,4.82,4.81,4.7
PET,1933,4.72,5.21,6.68,6.89,6.57,5.42,5.07,4.16,4.54,4.85,5.21,4.8
PET,1934,4.73,5.25,6.5,6.83,6.85,5.68,4.83,4.42,4.5,4.86,4.73,4.64
PET,1935,4.77,5.18,6.39,6.9,6.85,5.91,4.98,4.42,4.51,5.07,5.29,5
PET,1936,4.93,5.32,6.41,6.88,6.44,5.44,4.73,4.21,4.43,4.72,5.16,4.77
PET,1937,5.04,5.22,6.49,7.24,6.78,5.53,4.81,4.68,4.49,4.92,5.25,4.66
PET,1938,4.78,5.35,5.83,7.49,6.41,5.31,4.91,4.24,4.35,4.79,4.81,4.74
PET,1939,4.91,5.34,6.36,6.92,6.85,5.71,5.1,4.56,4.55,4.77,4.95,4.7
PET,1940,4.82,5.27,5.43,7.04,6.82,5.97,4.87,4.47,4.65,4.89,5.03,4.85
PET,1941,4.77,5.45,6.16,7.06,6.38,5.82,4.77,4.41,4.51,4.71,4.91,4.65
PET,1942,4.89,5.42,6.09,6.66,6.64,5.75,5.2,4.42,4.36,4.92,4.91,4.77
PET,1943,4.61,5.34,5.85,6.88,6.87,5.94,5.15,4.71,4.69,5.07,5.28,4.86
PET,1944,4.65,5.12,6.43,6.71,6.78,5.82,4.85,4.4,4.5,4.77,5.25,4.98
PET,1945,4.92,5.47,6.34,6.7,6.8,5.68,5.03,4.69,4.34,5,5.29,4.91
PET,1946,4.99,5.67,7.03,6.69,6.8,5.57,4.77,4.43,4.72,4.95,5.29,4.99
PET,1947,4.99,5.47,6.26,6.96,6.95,6,5.23,4.73,4.41,4.85,5.43,4.79
PET,1948,5.12,5.35,6.45,7.03,6.69,6.15,5.21,4.65,4.72,5.13,4.93,4.73
PET,1949,4.97,5.63,6.46,6.73,6.62,6.25,5.91,4.81,4.71,5.07,5.62,5.24
PET,1950,5.38,5.84,6.68,7.44,7.34,6.09,5.14,4.8,4.69,4.73,5.18,4.88
PET,1951,4.73,5.89,6.42,7.17,6.86,6.17,5.52,4.76,4.98,4.88,5.3,5.11
PET,1952,4.89,6.14,6.23,6.69,6.83,5.84,5,4.69,5,4.73,4.93,5.22
PET,1953,4.63,5.34,5.32,7.2,7.11,5.49,4.73,4.97,5.22,4.94,5.4,5.02
PET,1954,5.13,5.74,7.02,7.08,6.85,5.41,5.14,4.4,5.08,5.16,5.7,4.82
PET,1955,5.32,6.09,6.8,7.23,6.6,5.99,5.04,4.79,4.69,4.79,5.08,5.04
PET,1956,5.29,5.84,6.3,6.94,6.44,5.22,4.78,4.64,4.38,4.73,5.19,4.89
PET,1957,4.69,5.52,6.53,7.43,7.32,6.51,5.41,5,5.18,5.5,6.04,5.12
PET,1958,5.31,5.47,6.88,6.97,6.69,6.36,5.24,4.72,4.81,4.74,5.03,4.88
PET,1959,4.91,5.37,6.58,6.65,7.03,5.83,5.01,4.59,4.36,4.24,5.35,4.81
PET,1960,5.03,6.17,6.25,6.74,6.75,5.94,4.84,4.45,4.27,5,5.38,5.23
PET,1961,4.81,4.89,5.77,6.88,6.84,5.62,5.15,4.63,4.25,5.55,5.32,4.96
PET,1962,5.03,5.63,6.99,6.91,6.86,5.57,5.3,4.8,4.71,4.82,5.58,5.21
PET,1963,5.38,6.26,6.75,7.17,6.86,5.98,5.02,4.71,4.77,4.87,5.33,5.04
PET,1964,5.03,5.48,6.56,6.84,6.9,5.88,5.02,4.69,4.7,4.58,5.07,4.99
PET,1965,5.05,5.78,6.71,6.79,6.83,6.07,5.19,4.54,4.76,4.92,5.8,4.82
PET,1966,4.72,5.94,6.64,7.26,6.99,6.63,5.57,4.75,4.92,5.03,5.28,5
PET,1967,4.63,6.11,6.06,7.4,6.93,6.23,5.28,4.43,4.6,5.26,5.76,4.9
PET,1968,5.11,5.67,6.4,7.07,7.23,5.41,4.69,4.91,4.94,5.14,5.39,4.99
PET,1969,5.24,5.77,6.42,7.22,7.32,5.79,5.07,4.69,4.57,5.09,5.32,5.17
PET,1970,4.91,5.6,6.14,7.06,6.85,5.94,5.25,4.69,4.44,4.95,5.36,5.31
PET,1971,4.59,5.52,6.76,6.33,6.4,5.39,4.74,4.32,4.72,4.6,4.99,4.98
PET,1972,5.38,5.13,6.5,7.23,7.55,6.75,5.59,4.96,5.22,5.38,5.34,5.05
PET,1973,5.18,5.74,6.42,7.35,6.56,6.08,5.23,4.97,4.71,4.65,4.95,4.74
PET,1974,5.02,5.86,6.3,6.77,6.89,6.36,5.35,5.02,4.94,4.84,5.22,5.12
PET,1975,4.99,5.26,6.32,6.95,7.16,6.03,5.19,5.03,4.53,4.59,5.02,5.06
PET,1976,4.99,5.43,6.23,7.37,6.85,6.1,5.33,4.66,4.65,5.29,5.16,5.26
PET,1977,5.05,5.63,6.5,6.58,6.57,5.57,4.61,4.72,4.76,5.02,4.8,4.87
PET,1978,4.79,5.31,6.38,7.01,6.67,5.73,5.07,4.5,4.35,4.68,5.12,4.82
PET,1979,5,5.21,6.41,6.89,7.25,6.39,5.25,4.89,4.93,5.13,5.1,4.58
PET,1980,4.72,5.27,5.86,6.93,6.85,5.02,4.66,4.5,4.61,4.97,5.54,4.92
PET,1981,4.43,5.17,5.69,6.24,6.32,5.7,5.05,4.62,4.63,5.29,5.65,4.52
PET,1982,4.98,5.03,5.75,6.63,7.25,6.14,5.06,4.43,4.85,5.17,5.27,5.07
PET,1983,4.78,5.08,5.64,6.79,6.96,6.27,5.45,4.48,4.58,4.51,5.17,5.1
PET,1984,4.81,5.34,6.84,7.21,6.63,5.44,5.18,4.73,4.81,5.28,5.73,5.01
PET,1985,4.7,5.53,6.02,6.91,6.85,6.14,5.19,4.97,4.66,5.22,5.83,5.17
PET,1986,5.02,5.5,6.86,7.01,7.02,6.16,5.62,5.33,4.99,4.98,4.73,4.73
PET,1987,4.73,5.66,6.02,6.99,6.86,6.12,5.19,4.52,4.59,5.42,5.02,5.03
PET,1988,4.93,5.5,6.05,6.89,6.34,5.46,4.97,4.69,4.87,5.21,5.32,4.69
PET,1989,4.94,5.44,6.51,7.01,6.81,6.01,5.21,4.79,4.6,4.68,5.29,4.98
PET,1990,4.5,4.82,5.31,6.04,6.44,5.63,4.96,4.6,4.47,4.62,4.52,4.73
PET,1991,4.88,5.49,6.36,6.94,6.89,5.89,5.21,4.73,4.73,5.04,5.26,4.93
PET,1992,4.9,5.38,6.28,6.99,6.98,6.01,5.15,4.73,4.7,5.02,5.3,4.96
PET,1993,4.92,5.56,6.32,6.87,6.83,5.89,5.19,4.74,4.69,5,5.29,4.98
PET,1994,4.98,5.46,6.32,6.89,6.89,5.94,5.19,4.73,4.7,5.04,5.3,5.01
PET,1995,4.9,5.45,6.19,7.03,6.88,5.97,4.88,4.5,4.43,4.85,4.87,4.89
PET,1996,4.95,5.44,5.93,6.85,6.77,5.92,4.87,4.15,4.81,5.35,5.7,4.93
PET,1997,4.66,5.62,5.83,6.81,6.99,6.28,4.83,4.69,4.61,5.31,5.02,4.36
PET,1998,4.74,4.99,5.91,6.48,6.51,6.09,4.85,4.37,4.55,4.58,4.72,4.92
PET,1999,4.98,5.49,6.55,7.3,6.91,6.04,5.25,4.32,4.01,4.87,5.29,4.42
PET,2000,4.99,4.41,5.84,7.05,6.59,5.66,4.81,4.91,4.55,5.05,5.38,5.13
PET,2001,5.05,5.44,6.2,6.85,6.86,5.22,4.45,4.83,4.96,4.77,4.62,4.93
PET,2002,4.9,5.54,6.23,7.06,6.93,6.1,5.22,4.73,4.77,5.13,5.38,4.95